index,reason,year,transect
2,Year 2014 (40% below median visits),2014,fond l'etang
3,Year 2014 (40% below median visits),2014,fond l'etang
4,Year 2014 (40% below median visits),2014,fond l'etang
5,Year 2014 (40% below median visits),2014,fond l'etang
6,Year 2014 (40% below median visits),2014,fond l'etang
7,Year 2014 (40% below median visits),2014,fond l'etang
8,Year 2014 (40% below median visits),2014,fond l'etang
9,Year 2014 (40% below median visits),2014,fond l'etang
10,Year 2014 (40% below median visits),2014,fond l'etang
11,Year 2014 (40% below median visits),2014,fond l'etang
12,Year 2014 (40% below median visits),2014,fond l'etang
13,Year 2014 (40% below median visits),2014,fond l'etang
14,Year 2014 (40% below median visits),2014,fond l'etang
15,Year 2014 (40% below median visits),2014,fond l'etang
16,Year 2014 (40% below median visits),2014,fond l'etang
17,Year 2014 (40% below median visits),2014,fond l'etang
18,Year 2014 (40% below median visits),2014,fond l'etang
19,Year 2014 (40% below median visits),2014,fond l'etang
20,Year 2014 (40% below median visits),2014,fond l'etang
21,Year 2014 (40% below median visits),2014,fond l'etang
22,Year 2014 (40% below median visits),2014,fond l'etang
23,Year 2014 (40% below median visits),2014,fond l'etang
24,Year 2014 (40% below median visits),2014,fond l'etang
25,Year 2014 (40% below median visits),2014,fond l'etang
26,Year 2014 (40% below median visits),2014,fond l'etang
27,Year 2014 (40% below median visits),2014,fond l'etang
28,Year 2014 (40% below median visits),2014,fond l'etang
29,Year 2014 (40% below median visits),2014,fond l'etang
30,Year 2014 (40% below median visits),2014,fond l'etang
31,Year 2014 (40% below median visits),2014,fond l'etang
32,Year 2014 (40% below median visits),2014,fond l'etang
33,Year 2014 (40% below median visits),2014,fond l'etang
34,Year 2014 (40% below median visits),2014,fond l'etang
35,Year 2014 (40% below median visits),2014,fond l'etang
36,Year 2014 (40% below median visits),2014,fond l'etang
37,Year 2014 (40% below median visits),2014,fond l'etang
38,Year 2014 (40% below median visits),2014,fond l'etang
39,Year 2014 (40% below median visits),2014,fond l'etang
40,Year 2014 (40% below median visits),2014,fond l'etang
41,Year 2014 (40% below median visits),2014,fond l'etang
42,Year 2014 (40% below median visits),2014,fond l'etang
43,Year 2014 (40% below median visits),2014,fond l'etang
44,Year 2014 (40% below median visits),2014,fond l'etang
45,Year 2014 (40% below median visits),2014,fond l'etang
46,Year 2014 (40% below median visits),2014,fond l'etang
47,Year 2014 (40% below median visits),2014,fond l'etang
48,Year 2014 (40% below median visits),2014,fond l'etang
49,Year 2014 (40% below median visits),2014,fond l'etang
50,Year 2014 (40% below median visits),2014,fond l'etang
51,Year 2014 (40% below median visits),2014,fond l'etang
52,Year 2014 (40% below median visits),2014,fond l'etang
53,Year 2014 (40% below median visits),2014,fond l'etang
54,Year 2014 (40% below median visits),2014,fond l'etang
55,Year 2014 (40% below median visits),2014,fond l'etang
56,Year 2014 (40% below median visits),2014,fond l'etang
57,Year 2014 (40% below median visits),2014,fond l'etang
58,Year 2014 (40% below median visits),2014,fond l'etang
59,Year 2014 (40% below median visits),2014,fond l'etang
60,Year 2014 (40% below median visits),2014,fond l'etang
61,Year 2014 (40% below median visits),2014,fort de france centre ville
62,Year 2014 (40% below median visits),2014,fort de france centre ville
63,Year 2014 (40% below median visits),2014,fort de france centre ville
64,Year 2014 (40% below median visits),2014,fort de france centre ville
65,Year 2014 (40% below median visits),2014,fort de france centre ville
66,Year 2014 (40% below median visits),2014,fort de france centre ville
67,Year 2014 (40% below median visits),2014,fort de france centre ville
68,Year 2014 (40% below median visits),2014,fort de france centre ville
69,Year 2014 (40% below median visits),2014,fort de france centre ville
70,Year 2014 (40% below median visits),2014,fort de france centre ville
71,Year 2014 (40% below median visits),2014,fort de france centre ville
72,Year 2014 (40% below median visits),2014,fort de france centre ville
73,Year 2014 (40% below median visits),2014,fort de france centre ville
74,Year 2014 (40% below median visits),2014,fort de france centre ville
75,Year 2014 (40% below median visits),2014,fort de france centre ville
76,Year 2014 (40% below median visits),2014,fort de france centre ville
77,Year 2014 (40% below median visits),2014,fort de france centre ville
78,Year 2014 (40% below median visits),2014,fort de france centre ville
79,Year 2014 (40% below median visits),2014,fort de france centre ville
80,Year 2014 (40% below median visits),2014,fort de france centre ville
81,Year 2014 (40% below median visits),2014,fort de france centre ville
82,Year 2014 (40% below median visits),2014,fort de france centre ville
83,Year 2014 (40% below median visits),2014,fort de france centre ville
84,Year 2014 (40% below median visits),2014,fort de france centre ville
85,Year 2014 (40% below median visits),2014,fort de france centre ville
86,Year 2014 (40% below median visits),2014,fort de france centre ville
87,Year 2014 (40% below median visits),2014,fort de france centre ville
88,Year 2014 (40% below median visits),2014,fort de france centre ville
89,Year 2014 (40% below median visits),2014,fort de france centre ville
90,Year 2014 (40% below median visits),2014,fort de france centre ville
91,Year 2014 (40% below median visits),2014,fort de france centre ville
92,Year 2014 (40% below median visits),2014,fort de france centre ville
93,Year 2014 (40% below median visits),2014,fort de france centre ville
94,Year 2014 (40% below median visits),2014,fort de france centre ville
95,Year 2014 (40% below median visits),2014,fort de france centre ville
96,Year 2014 (40% below median visits),2014,fort de france centre ville
97,Year 2014 (40% below median visits),2014,fort de france centre ville
98,Year 2014 (40% below median visits),2014,fort de france centre ville
99,Year 2014 (40% below median visits),2014,fort de france centre ville
100,Year 2014 (40% below median visits),2014,fort de france centre ville
101,Year 2014 (40% below median visits),2014,fort de france centre ville
102,Year 2014 (40% below median visits),2014,fort de france centre ville
103,Year 2014 (40% below median visits),2014,fort de france centre ville
104,Year 2014 (40% below median visits),2014,fort de france centre ville
105,Year 2014 (40% below median visits),2014,fort de france centre ville
106,Year 2014 (40% below median visits),2014,fort de france centre ville
107,Year 2014 (40% below median visits),2014,fort de france centre ville
108,Year 2014 (40% below median visits),2014,fort de france centre ville
109,Year 2014 (40% below median visits),2014,fort de france centre ville
110,Year 2014 (40% below median visits),2014,fort de france centre ville
111,Year 2014 (40% below median visits),2014,fort de france centre ville
112,Year 2014 (40% below median visits),2014,fort de france centre ville
113,Year 2014 (40% below median visits),2014,fort de france centre ville
114,Year 2014 (40% below median visits),2014,fort de france centre ville
115,Year 2014 (40% below median visits),2014,fort de france centre ville
116,Year 2014 (40% below median visits),2014,fort de france centre ville
117,Year 2014 (40% below median visits),2014,fort de france centre ville
118,Year 2014 (40% below median visits),2014,fort de france centre ville
119,Year 2014 (40% below median visits),2014,fort de france centre ville
120,Year 2014 (40% below median visits),2014,fort de france centre ville
121,Year 2014 (40% below median visits),2014,fort de france centre ville
122,Year 2014 (40% below median visits),2014,fort de france centre ville
123,Year 2014 (40% below median visits),2014,fort de france centre ville
124,Year 2014 (40% below median visits),2014,fort de france centre ville
125,Year 2014 (40% below median visits),2014,fort de france centre ville
126,Year 2014 (40% below median visits),2014,fort de france centre ville
127,Year 2014 (40% below median visits),2014,fort de france centre ville
128,Year 2014 (40% below median visits),2014,fort de france centre ville
129,Year 2014 (40% below median visits),2014,fort de france centre ville
130,Year 2014 (40% below median visits),2014,fort de france centre ville
131,Year 2014 (40% below median visits),2014,fort de france centre ville
132,Year 2014 (40% below median visits),2014,fort de france centre ville
133,Year 2014 (40% below median visits),2014,fort de france centre ville
134,Year 2014 (40% below median visits),2014,fort de france centre ville
135,Year 2014 (40% below median visits),2014,fort de france centre ville
136,Year 2014 (40% below median visits),2014,fort de france centre ville
137,Year 2014 (40% below median visits),2014,fort de france centre ville
138,Year 2014 (40% below median visits),2014,fort de france centre ville
139,Year 2014 (40% below median visits),2014,fort de france centre ville
140,Year 2014 (40% below median visits),2014,fort de france centre ville
141,Year 2014 (40% below median visits),2014,fort de france centre ville
142,Year 2014 (40% below median visits),2014,tunnel didier
143,Year 2014 (40% below median visits),2014,tunnel didier
144,Year 2014 (40% below median visits),2014,tunnel didier
145,Year 2014 (40% below median visits),2014,tunnel didier
146,Year 2014 (40% below median visits),2014,tunnel didier
147,Year 2014 (40% below median visits),2014,tunnel didier
148,Year 2014 (40% below median visits),2014,tunnel didier
149,Year 2014 (40% below median visits),2014,tunnel didier
150,Year 2014 (40% below median visits),2014,tunnel didier
151,Year 2014 (40% below median visits),2014,tunnel didier
152,Year 2014 (40% below median visits),2014,tunnel didier
153,Year 2014 (40% below median visits),2014,tunnel didier
154,Year 2014 (40% below median visits),2014,tunnel didier
155,Year 2014 (40% below median visits),2014,tunnel didier
156,Year 2014 (40% below median visits),2014,tunnel didier
157,Year 2014 (40% below median visits),2014,tunnel didier
158,Year 2014 (40% below median visits),2014,tunnel didier
159,Year 2014 (40% below median visits),2014,tunnel didier
160,Year 2014 (40% below median visits),2014,tunnel didier
161,Year 2014 (40% below median visits),2014,tunnel didier
162,Year 2014 (40% below median visits),2014,tunnel didier
163,Year 2014 (40% below median visits),2014,tunnel didier
164,Year 2014 (40% below median visits),2014,tunnel didier
165,Year 2014 (40% below median visits),2014,tunnel didier
166,Year 2014 (40% below median visits),2014,tunnel didier
167,Year 2014 (40% below median visits),2014,tunnel didier
168,Year 2014 (40% below median visits),2014,tunnel didier
169,Year 2014 (40% below median visits),2014,tunnel didier
170,Year 2014 (40% below median visits),2014,tunnel didier
171,Year 2014 (40% below median visits),2014,tunnel didier
172,Year 2014 (40% below median visits),2014,tunnel didier
173,Year 2014 (40% below median visits),2014,tunnel didier
174,Year 2014 (40% below median visits),2014,tunnel didier
175,Year 2014 (40% below median visits),2014,tunnel didier
176,Year 2014 (40% below median visits),2014,tunnel didier
177,Year 2014 (40% below median visits),2014,tunnel didier
178,Year 2014 (40% below median visits),2014,tunnel didier
179,Year 2014 (40% below median visits),2014,tunnel didier
180,Year 2014 (40% below median visits),2014,tunnel didier
181,Year 2014 (40% below median visits),2014,tunnel didier
182,Year 2014 (40% below median visits),2014,tunnel didier
183,Year 2014 (40% below median visits),2014,tunnel didier
184,Year 2014 (40% below median visits),2014,tunnel didier
185,Year 2014 (40% below median visits),2014,tunnel didier
186,Year 2014 (40% below median visits),2014,tunnel didier
187,Year 2014 (40% below median visits),2014,tunnel didier
188,Year 2014 (40% below median visits),2014,tunnel didier
189,Year 2014 (40% below median visits),2014,tunnel didier
190,Year 2014 (40% below median visits),2014,tunnel didier
191,Year 2014 (40% below median visits),2014,tunnel didier
192,Year 2014 (40% below median visits),2014,tunnel didier
193,Year 2014 (40% below median visits),2014,tunnel didier
194,Year 2014 (40% below median visits),2014,tunnel didier
195,Year 2014 (40% below median visits),2014,tunnel didier
196,Year 2014 (40% below median visits),2014,tunnel didier
197,Year 2014 (40% below median visits),2014,tunnel didier
198,Year 2014 (40% below median visits),2014,tunnel didier
199,Year 2014 (40% below median visits),2014,tunnel didier
200,Year 2014 (40% below median visits),2014,tunnel didier
201,Year 2014 (40% below median visits),2014,tunnel didier
202,Year 2014 (40% below median visits),2014,tunnel didier
203,Year 2014 (40% below median visits),2014,tunnel didier
204,Year 2014 (40% below median visits),2014,tunnel didier
205,Year 2014 (40% below median visits),2014,tunnel didier
206,Year 2014 (40% below median visits),2014,tunnel didier
207,Year 2014 (40% below median visits),2014,tunnel didier
208,Year 2014 (40% below median visits),2014,tunnel didier
209,Year 2014 (40% below median visits),2014,tunnel didier
210,Year 2014 (40% below median visits),2014,tunnel didier
211,Year 2014 (40% below median visits),2014,tunnel didier
212,Year 2014 (40% below median visits),2014,tunnel didier
213,Year 2014 (40% below median visits),2014,tunnel didier
214,Year 2014 (40% below median visits),2014,tunnel didier
215,Year 2014 (40% below median visits),2014,tunnel didier
216,Year 2014 (40% below median visits),2014,tunnel didier
217,Year 2014 (40% below median visits),2014,tunnel didier
218,Year 2014 (40% below median visits),2014,tunnel didier
219,Year 2014 (40% below median visits),2014,tunnel didier
220,Year 2014 (40% below median visits),2014,tunnel didier
221,Year 2014 (40% below median visits),2014,tunnel didier
222,Year 2014 (40% below median visits),2014,fort de france centre ville
223,Year 2014 (40% below median visits),2014,fort de france centre ville
224,Year 2014 (40% below median visits),2014,fort de france centre ville
225,Year 2014 (40% below median visits),2014,fort de france centre ville
226,Year 2014 (40% below median visits),2014,fort de france centre ville
227,Year 2014 (40% below median visits),2014,fort de france centre ville
228,Year 2014 (40% below median visits),2014,fort de france centre ville
229,Year 2014 (40% below median visits),2014,fort de france centre ville
230,Year 2014 (40% below median visits),2014,fort de france centre ville
231,Year 2014 (40% below median visits),2014,fort de france centre ville
232,Year 2014 (40% below median visits),2014,fort de france centre ville
233,Year 2014 (40% below median visits),2014,fort de france centre ville
234,Year 2014 (40% below median visits),2014,fort de france centre ville
235,Year 2014 (40% below median visits),2014,fort de france centre ville
236,Year 2014 (40% below median visits),2014,fort de france centre ville
237,Year 2014 (40% below median visits),2014,fort de france centre ville
238,Year 2014 (40% below median visits),2014,fort de france centre ville
239,Year 2014 (40% below median visits),2014,fort de france centre ville
240,Year 2014 (40% below median visits),2014,fort de france centre ville
241,Year 2014 (40% below median visits),2014,fort de france centre ville
242,Year 2014 (40% below median visits),2014,fort de france centre ville
243,Year 2014 (40% below median visits),2014,fort de france centre ville
244,Year 2014 (40% below median visits),2014,fort de france centre ville
245,Year 2014 (40% below median visits),2014,fort de france centre ville
246,Year 2014 (40% below median visits),2014,fort de france centre ville
247,Year 2014 (40% below median visits),2014,fort de france centre ville
248,Year 2014 (40% below median visits),2014,fort de france centre ville
249,Year 2014 (40% below median visits),2014,fort de france centre ville
250,Year 2014 (40% below median visits),2014,fort de france centre ville
251,Year 2014 (40% below median visits),2014,fort de france centre ville
252,Year 2014 (40% below median visits),2014,fort de france centre ville
253,Year 2014 (40% below median visits),2014,fort de france centre ville
254,Year 2014 (40% below median visits),2014,fort de france centre ville
255,Year 2014 (40% below median visits),2014,fort de france centre ville
256,Year 2014 (40% below median visits),2014,fort de france centre ville
257,Year 2014 (40% below median visits),2014,fort de france centre ville
258,Year 2014 (40% below median visits),2014,fort de france centre ville
259,Year 2014 (40% below median visits),2014,fort de france centre ville
260,Year 2014 (40% below median visits),2014,fort de france centre ville
261,Year 2014 (40% below median visits),2014,fort de france centre ville
262,Year 2014 (40% below median visits),2014,fort de france centre ville
263,Year 2014 (40% below median visits),2014,fort de france centre ville
264,Year 2014 (40% below median visits),2014,fort de france centre ville
265,Year 2014 (40% below median visits),2014,fort de france centre ville
266,Year 2014 (40% below median visits),2014,fort de france centre ville
267,Year 2014 (40% below median visits),2014,fort de france centre ville
268,Year 2014 (40% below median visits),2014,fort de france centre ville
269,Year 2014 (40% below median visits),2014,fort de france centre ville
270,Year 2014 (40% below median visits),2014,fort de france centre ville
271,Year 2014 (40% below median visits),2014,fort de france centre ville
272,Year 2014 (40% below median visits),2014,fort de france centre ville
273,Year 2014 (40% below median visits),2014,fort de france centre ville
274,Year 2014 (40% below median visits),2014,fort de france centre ville
275,Year 2014 (40% below median visits),2014,fort de france centre ville
276,Year 2014 (40% below median visits),2014,fort de france centre ville
277,Year 2014 (40% below median visits),2014,fort de france centre ville
278,Year 2014 (40% below median visits),2014,fort de france centre ville
279,Year 2014 (40% below median visits),2014,fort de france centre ville
280,Year 2014 (40% below median visits),2014,fort de france centre ville
281,Year 2014 (40% below median visits),2014,fort de france centre ville
282,Year 2014 (40% below median visits),2014,fort de france centre ville
283,Year 2014 (40% below median visits),2014,fort de france centre ville
284,Year 2014 (40% below median visits),2014,fort de france centre ville
285,Year 2014 (40% below median visits),2014,fond l'etang
286,Year 2014 (40% below median visits),2014,fond l'etang
287,Year 2014 (40% below median visits),2014,fond l'etang
288,Year 2014 (40% below median visits),2014,fond l'etang
289,Year 2014 (40% below median visits),2014,fond l'etang
290,Year 2014 (40% below median visits),2014,fond l'etang
291,Year 2014 (40% below median visits),2014,fond l'etang
292,Year 2014 (40% below median visits),2014,fond l'etang
293,Year 2014 (40% below median visits),2014,fond l'etang
294,Year 2014 (40% below median visits),2014,fond l'etang
295,Year 2014 (40% below median visits),2014,fond l'etang
296,Year 2014 (40% below median visits),2014,fond l'etang
297,Year 2014 (40% below median visits),2014,fond l'etang
298,Year 2014 (40% below median visits),2014,fond l'etang
299,Year 2014 (40% below median visits),2014,fond l'etang
300,Year 2014 (40% below median visits),2014,fond l'etang
301,Year 2014 (40% below median visits),2014,fond l'etang
302,Year 2014 (40% below median visits),2014,fond l'etang
303,Year 2014 (40% below median visits),2014,fond l'etang
304,Year 2014 (40% below median visits),2014,fond l'etang
305,Year 2014 (40% below median visits),2014,fond l'etang
306,Year 2014 (40% below median visits),2014,fond l'etang
307,Year 2014 (40% below median visits),2014,fond l'etang
308,Year 2014 (40% below median visits),2014,fond l'etang
309,Year 2014 (40% below median visits),2014,fond l'etang
310,Year 2014 (40% below median visits),2014,fond l'etang
311,Year 2014 (40% below median visits),2014,fond l'etang
312,Year 2014 (40% below median visits),2014,fond l'etang
313,Year 2014 (40% below median visits),2014,fond l'etang
314,Year 2014 (40% below median visits),2014,fond l'etang
315,Year 2014 (40% below median visits),2014,fond l'etang
316,Year 2014 (40% below median visits),2014,fond l'etang
317,Year 2014 (40% below median visits),2014,fond l'etang
318,Year 2014 (40% below median visits),2014,fond l'etang
319,Year 2014 (40% below median visits),2014,fond l'etang
320,Year 2014 (40% below median visits),2014,fond l'etang
321,Year 2014 (40% below median visits),2014,fond l'etang
322,Year 2014 (40% below median visits),2014,fond l'etang
323,Year 2014 (40% below median visits),2014,fond l'etang
324,Year 2014 (40% below median visits),2014,fond l'etang
325,Year 2014 (40% below median visits),2014,fond l'etang
326,Year 2014 (40% below median visits),2014,fond l'etang
327,Year 2014 (40% below median visits),2014,fond l'etang
328,Year 2014 (40% below median visits),2014,fond l'etang
329,Year 2014 (40% below median visits),2014,fond l'etang
330,Year 2014 (40% below median visits),2014,fond l'etang
331,Year 2014 (40% below median visits),2014,fond l'etang
332,Year 2014 (40% below median visits),2014,fond l'etang
333,Year 2014 (40% below median visits),2014,fond l'etang
334,Year 2014 (40% below median visits),2014,fond l'etang
335,Year 2014 (40% below median visits),2014,fond l'etang
336,Year 2014 (40% below median visits),2014,fond l'etang
337,Year 2014 (40% below median visits),2014,fond l'etang
338,Year 2014 (40% below median visits),2014,fond l'etang
339,Year 2014 (40% below median visits),2014,fond l'etang
340,Year 2014 (40% below median visits),2014,fond l'etang
341,Year 2014 (40% below median visits),2014,fond l'etang
342,Year 2014 (40% below median visits),2014,fond l'etang
343,Year 2014 (40% below median visits),2014,fond l'etang
344,Year 2014 (40% below median visits),2014,fond l'etang
345,Year 2014 (40% below median visits),2014,fond l'etang
346,Year 2014 (40% below median visits),2014,fond l'etang
347,Year 2014 (40% below median visits),2014,tunnel didier
348,Year 2014 (40% below median visits),2014,tunnel didier
349,Year 2014 (40% below median visits),2014,tunnel didier
350,Year 2014 (40% below median visits),2014,tunnel didier
351,Year 2014 (40% below median visits),2014,tunnel didier
352,Year 2014 (40% below median visits),2014,tunnel didier
353,Year 2014 (40% below median visits),2014,tunnel didier
354,Year 2014 (40% below median visits),2014,tunnel didier
355,Year 2014 (40% below median visits),2014,tunnel didier
356,Year 2014 (40% below median visits),2014,tunnel didier
357,Year 2014 (40% below median visits),2014,tunnel didier
358,Year 2014 (40% below median visits),2014,tunnel didier
359,Year 2014 (40% below median visits),2014,tunnel didier
360,Year 2014 (40% below median visits),2014,tunnel didier
361,Year 2014 (40% below median visits),2014,tunnel didier
362,Year 2014 (40% below median visits),2014,tunnel didier
363,Year 2014 (40% below median visits),2014,tunnel didier
364,Year 2014 (40% below median visits),2014,tunnel didier
365,Year 2014 (40% below median visits),2014,tunnel didier
366,Year 2014 (40% below median visits),2014,tunnel didier
367,Year 2014 (40% below median visits),2014,tunnel didier
368,Year 2014 (40% below median visits),2014,tunnel didier
369,Year 2014 (40% below median visits),2014,tunnel didier
370,Year 2014 (40% below median visits),2014,tunnel didier
371,Year 2014 (40% below median visits),2014,tunnel didier
372,Year 2014 (40% below median visits),2014,tunnel didier
373,Year 2014 (40% below median visits),2014,tunnel didier
374,Year 2014 (40% below median visits),2014,tunnel didier
375,Year 2014 (40% below median visits),2014,tunnel didier
376,Year 2014 (40% below median visits),2014,tunnel didier
377,Year 2014 (40% below median visits),2014,tunnel didier
378,Year 2014 (40% below median visits),2014,tunnel didier
379,Year 2014 (40% below median visits),2014,tunnel didier
380,Year 2014 (40% below median visits),2014,tunnel didier
381,Year 2014 (40% below median visits),2014,tunnel didier
382,Year 2014 (40% below median visits),2014,tunnel didier
383,Year 2014 (40% below median visits),2014,tunnel didier
384,Year 2014 (40% below median visits),2014,tunnel didier
385,Year 2014 (40% below median visits),2014,tunnel didier
386,Year 2014 (40% below median visits),2014,tunnel didier
387,Year 2014 (40% below median visits),2014,tunnel didier
388,Year 2014 (40% below median visits),2014,tunnel didier
389,Year 2014 (40% below median visits),2014,tunnel didier
390,Year 2014 (40% below median visits),2014,tunnel didier
391,Year 2014 (40% below median visits),2014,tunnel didier
392,Year 2014 (40% below median visits),2014,tunnel didier
393,Year 2014 (40% below median visits),2014,tunnel didier
394,Year 2014 (40% below median visits),2014,tunnel didier
395,Year 2014 (40% below median visits),2014,tunnel didier
396,Year 2014 (40% below median visits),2014,tunnel didier
397,Year 2014 (40% below median visits),2014,tunnel didier
398,Year 2014 (40% below median visits),2014,tunnel didier
399,Year 2014 (40% below median visits),2014,tunnel didier
400,Year 2014 (40% below median visits),2014,tunnel didier
401,Year 2014 (40% below median visits),2014,tunnel didier
402,Year 2014 (40% below median visits),2014,tunnel didier
403,Year 2014 (40% below median visits),2014,tunnel didier
404,Year 2014 (40% below median visits),2014,tunnel didier
405,Year 2014 (40% below median visits),2014,tunnel didier
406,Year 2014 (40% below median visits),2014,tunnel didier
407,Year 2014 (40% below median visits),2014,tunnel didier
408,Year 2014 (40% below median visits),2014,tunnel didier
409,Year 2014 (40% below median visits),2014,tunnel didier
410,Year 2014 (40% below median visits),2014,tunnel didier
411,Year 2014 (40% below median visits),2014,tunnel didier
412,Year 2014 (40% below median visits),2014,tunnel didier
413,Year 2014 (40% below median visits),2014,tunnel didier
414,Year 2014 (40% below median visits),2014,tunnel didier
415,Year 2014 (40% below median visits),2014,tunnel didier
416,Year 2014 (40% below median visits),2014,tunnel didier
417,Year 2014 (40% below median visits),2014,tunnel didier
418,Year 2014 (40% below median visits),2014,tunnel didier
419,Year 2014 (40% below median visits),2014,tunnel didier
420,Year 2014 (40% below median visits),2014,tunnel didier
421,Year 2014 (40% below median visits),2014,tunnel didier
422,Year 2014 (40% below median visits),2014,tunnel didier
423,Year 2014 (40% below median visits),2014,tunnel didier
424,Year 2014 (40% below median visits),2014,tunnel didier
425,Year 2014 (40% below median visits),2014,tunnel didier
426,Year 2014 (40% below median visits),2014,tunnel didier
427,Year 2014 (40% below median visits),2014,hôtel des plaisirs
428,Year 2014 (40% below median visits),2014,hôtel des plaisirs
429,Year 2014 (40% below median visits),2014,hôtel des plaisirs
430,Year 2014 (40% below median visits),2014,hôtel des plaisirs
431,Year 2014 (40% below median visits),2014,hôtel des plaisirs
432,Year 2014 (40% below median visits),2014,hôtel des plaisirs
433,Year 2014 (40% below median visits),2014,hôtel des plaisirs
434,Year 2014 (40% below median visits),2014,hôtel des plaisirs
435,Year 2014 (40% below median visits),2014,hôtel des plaisirs
436,Year 2014 (40% below median visits),2014,hôtel des plaisirs
437,Year 2014 (40% below median visits),2014,hôtel des plaisirs
438,Year 2014 (40% below median visits),2014,hôtel des plaisirs
439,Year 2014 (40% below median visits),2014,hôtel des plaisirs
440,Year 2014 (40% below median visits),2014,hôtel des plaisirs
441,Year 2014 (40% below median visits),2014,hôtel des plaisirs
442,Year 2014 (40% below median visits),2014,hôtel des plaisirs
443,Year 2014 (40% below median visits),2014,hôtel des plaisirs
444,Year 2014 (40% below median visits),2014,hôtel des plaisirs
445,Year 2014 (40% below median visits),2014,hôtel des plaisirs
446,Year 2014 (40% below median visits),2014,hôtel des plaisirs
447,Year 2014 (40% below median visits),2014,hôtel des plaisirs
448,Year 2014 (40% below median visits),2014,hôtel des plaisirs
449,Year 2014 (40% below median visits),2014,hôtel des plaisirs
450,Year 2014 (40% below median visits),2014,hôtel des plaisirs
451,Year 2014 (40% below median visits),2014,hôtel des plaisirs
452,Year 2014 (40% below median visits),2014,hôtel des plaisirs
453,Year 2014 (40% below median visits),2014,hôtel des plaisirs
454,Year 2014 (40% below median visits),2014,hôtel des plaisirs
455,Year 2014 (40% below median visits),2014,hôtel des plaisirs
456,Year 2014 (40% below median visits),2014,hôtel des plaisirs
457,Year 2014 (40% below median visits),2014,hôtel des plaisirs
458,Year 2014 (40% below median visits),2014,hôtel des plaisirs
459,Year 2014 (40% below median visits),2014,hôtel des plaisirs
460,Year 2014 (40% below median visits),2014,hôtel des plaisirs
461,Year 2014 (40% below median visits),2014,hôtel des plaisirs
462,Year 2014 (40% below median visits),2014,hôtel des plaisirs
463,Year 2014 (40% below median visits),2014,hôtel des plaisirs
464,Year 2014 (40% below median visits),2014,hôtel des plaisirs
465,Year 2014 (40% below median visits),2014,hôtel des plaisirs
466,Year 2014 (40% below median visits),2014,hôtel des plaisirs
467,Year 2014 (40% below median visits),2014,hôtel des plaisirs
468,Year 2014 (40% below median visits),2014,hôtel des plaisirs
469,Year 2014 (40% below median visits),2014,hôtel des plaisirs
470,Year 2014 (40% below median visits),2014,hôtel des plaisirs
471,Year 2014 (40% below median visits),2014,hôtel des plaisirs
472,Year 2014 (40% below median visits),2014,hôtel des plaisirs
473,Year 2014 (40% below median visits),2014,hôtel des plaisirs
474,Year 2014 (40% below median visits),2014,hôtel des plaisirs
475,Year 2014 (40% below median visits),2014,hôtel des plaisirs
476,Year 2014 (40% below median visits),2014,hôtel des plaisirs
477,Year 2014 (40% below median visits),2014,hôtel des plaisirs
478,Year 2014 (40% below median visits),2014,hôtel des plaisirs
479,Year 2014 (40% below median visits),2014,hôtel des plaisirs
480,Year 2014 (40% below median visits),2014,hôtel des plaisirs
481,Year 2014 (40% below median visits),2014,hôtel des plaisirs
482,Year 2014 (40% below median visits),2014,hôtel des plaisirs
483,Year 2014 (40% below median visits),2014,hôtel des plaisirs
484,Year 2014 (40% below median visits),2014,hôtel des plaisirs
485,Year 2014 (40% below median visits),2014,hôtel des plaisirs
486,Year 2014 (40% below median visits),2014,hôtel des plaisirs
487,Year 2014 (40% below median visits),2014,hôtel des plaisirs
488,Year 2014 (40% below median visits),2014,hôtel des plaisirs
489,Year 2014 (40% below median visits),2014,hôtel des plaisirs
490,Year 2014 (40% below median visits),2014,hôtel des plaisirs
491,Year 2014 (40% below median visits),2014,hôtel des plaisirs
492,Year 2014 (40% below median visits),2014,hôtel des plaisirs
493,Year 2014 (40% below median visits),2014,hôtel des plaisirs
494,Year 2014 (40% below median visits),2014,hôtel des plaisirs
495,Year 2014 (40% below median visits),2014,hôtel des plaisirs
496,Year 2014 (40% below median visits),2014,hôtel des plaisirs
497,Year 2014 (40% below median visits),2014,hôtel des plaisirs
498,Year 2014 (40% below median visits),2014,hôtel des plaisirs
499,Year 2014 (40% below median visits),2014,hôtel des plaisirs
500,Year 2014 (40% below median visits),2014,hôtel des plaisirs
501,Year 2014 (40% below median visits),2014,hôtel des plaisirs
502,Year 2014 (40% below median visits),2014,hôtel des plaisirs
503,Year 2014 (40% below median visits),2014,hôtel des plaisirs
504,Year 2014 (40% below median visits),2014,hôtel des plaisirs
505,Year 2014 (40% below median visits),2014,hôtel des plaisirs
506,Year 2014 (40% below median visits),2014,hôtel des plaisirs
507,Year 2014 (40% below median visits),2014,hôtel des plaisirs
508,Year 2014 (40% below median visits),2014,hôtel des plaisirs
509,Year 2014 (40% below median visits),2014,hôtel des plaisirs
510,Year 2014 (40% below median visits),2014,hôtel des plaisirs
511,Year 2014 (40% below median visits),2014,hôtel des plaisirs
512,Year 2014 (40% below median visits),2014,hôtel des plaisirs
513,Year 2014 (40% below median visits),2014,hôtel des plaisirs
514,Year 2014 (40% below median visits),2014,hôtel des plaisirs
515,Year 2014 (40% below median visits),2014,hôtel des plaisirs
516,Year 2014 (40% below median visits),2014,hôtel des plaisirs
517,Year 2014 (40% below median visits),2014,hôtel des plaisirs
518,Year 2014 (40% below median visits),2014,hôtel des plaisirs
519,Year 2014 (40% below median visits),2014,hôtel des plaisirs
520,Year 2014 (40% below median visits),2014,hôtel des plaisirs
521,Year 2014 (40% below median visits),2014,hôtel des plaisirs
522,Year 2014 (40% below median visits),2014,hôtel des plaisirs
523,Year 2014 (40% below median visits),2014,hôtel des plaisirs
524,Year 2014 (40% below median visits),2014,hôtel des plaisirs
525,Year 2014 (40% below median visits),2014,hôtel des plaisirs
526,Year 2014 (40% below median visits),2014,hôtel des plaisirs
527,Year 2014 (40% below median visits),2014,hôtel des plaisirs
528,Year 2014 (40% below median visits),2014,hôtel des plaisirs
529,Year 2014 (40% below median visits),2014,hôtel des plaisirs
530,Year 2014 (40% below median visits),2014,hôtel des plaisirs
531,Year 2014 (40% below median visits),2014,hôtel des plaisirs
532,Year 2014 (40% below median visits),2014,hôtel des plaisirs
533,Year 2014 (40% below median visits),2014,hôtel des plaisirs
534,Year 2014 (40% below median visits),2014,hôtel des plaisirs
535,Year 2014 (40% below median visits),2014,hôtel des plaisirs
536,Year 2014 (40% below median visits),2014,hôtel des plaisirs
537,Year 2014 (40% below median visits),2014,hôtel des plaisirs
538,Year 2014 (40% below median visits),2014,hôtel des plaisirs
539,Year 2014 (40% below median visits),2014,hôtel des plaisirs
540,Year 2014 (40% below median visits),2014,hôtel des plaisirs
541,Year 2014 (40% below median visits),2014,hôtel des plaisirs
542,Year 2014 (40% below median visits),2014,hôtel des plaisirs
543,Year 2014 (40% below median visits),2014,hôtel des plaisirs
544,Year 2014 (40% below median visits),2014,hôtel des plaisirs
545,Year 2014 (40% below median visits),2014,hôtel des plaisirs
546,Year 2014 (40% below median visits),2014,hôtel des plaisirs
547,Year 2014 (40% below median visits),2014,hôtel des plaisirs
548,Year 2014 (40% below median visits),2014,hôtel des plaisirs
549,Year 2014 (40% below median visits),2014,hôtel des plaisirs
550,Year 2014 (40% below median visits),2014,hôtel des plaisirs
551,Year 2014 (40% below median visits),2014,hôtel des plaisirs
552,Year 2014 (40% below median visits),2014,hôtel des plaisirs
553,Year 2014 (40% below median visits),2014,hôtel des plaisirs
554,Year 2014 (40% below median visits),2014,hôtel des plaisirs
555,Year 2014 (40% below median visits),2014,hôtel des plaisirs
556,Year 2014 (40% below median visits),2014,hôtel des plaisirs
557,Year 2014 (40% below median visits),2014,hôtel des plaisirs
558,Year 2014 (40% below median visits),2014,hôtel des plaisirs
559,Year 2014 (40% below median visits),2014,hôtel des plaisirs
560,Year 2014 (40% below median visits),2014,hôtel des plaisirs
561,Year 2014 (40% below median visits),2014,hôtel des plaisirs
562,Year 2014 (40% below median visits),2014,hôtel des plaisirs
563,Year 2014 (40% below median visits),2014,hôtel des plaisirs
564,Year 2014 (40% below median visits),2014,hôtel des plaisirs
565,Year 2014 (40% below median visits),2014,hôtel des plaisirs
566,Year 2014 (40% below median visits),2014,hôtel des plaisirs
567,Year 2014 (40% below median visits),2014,hôtel des plaisirs
568,Year 2014 (40% below median visits),2014,hôtel des plaisirs
569,Year 2014 (40% below median visits),2014,hôtel des plaisirs
570,Year 2014 (40% below median visits),2014,hôtel des plaisirs
571,Year 2014 (40% below median visits),2014,hôtel des plaisirs
572,Year 2014 (40% below median visits),2014,hôtel des plaisirs
573,Year 2014 (40% below median visits),2014,hôtel des plaisirs
574,Year 2014 (40% below median visits),2014,hôtel des plaisirs
575,Year 2014 (40% below median visits),2014,hôtel des plaisirs
576,Year 2014 (40% below median visits),2014,hôtel des plaisirs
577,Year 2014 (40% below median visits),2014,hôtel des plaisirs
578,Year 2014 (40% below median visits),2014,hôtel des plaisirs
579,Year 2014 (40% below median visits),2014,hôtel des plaisirs
580,Year 2014 (40% below median visits),2014,hôtel des plaisirs
581,Year 2014 (40% below median visits),2014,hôtel des plaisirs
582,Year 2014 (40% below median visits),2014,hôtel des plaisirs
583,Year 2014 (40% below median visits),2014,hôtel des plaisirs
584,Year 2014 (40% below median visits),2014,hôtel des plaisirs
585,Year 2014 (40% below median visits),2014,hôtel des plaisirs
586,Year 2014 (40% below median visits),2014,hôtel des plaisirs
587,Year 2014 (40% below median visits),2014,hôtel des plaisirs
588,Year 2014 (40% below median visits),2014,hôtel des plaisirs
589,Year 2014 (40% below median visits),2014,hôtel des plaisirs
590,Year 2014 (40% below median visits),2014,hôtel des plaisirs
591,Year 2014 (40% below median visits),2014,hôtel des plaisirs
592,Year 2014 (40% below median visits),2014,hôtel des plaisirs
593,Year 2014 (40% below median visits),2014,hôtel des plaisirs
594,Year 2014 (40% below median visits),2014,hôtel des plaisirs
595,Year 2014 (40% below median visits),2014,hôtel des plaisirs
596,Year 2014 (40% below median visits),2014,hôtel des plaisirs
597,Year 2014 (40% below median visits),2014,hôtel des plaisirs
598,Year 2014 (40% below median visits),2014,hôtel des plaisirs
599,Year 2014 (40% below median visits),2014,hôtel des plaisirs
600,Year 2014 (40% below median visits),2014,hôtel des plaisirs
601,Year 2014 (40% below median visits),2014,hôtel des plaisirs
602,Year 2014 (40% below median visits),2014,hôtel des plaisirs
603,Year 2014 (40% below median visits),2014,hôtel des plaisirs
604,Year 2014 (40% below median visits),2014,hôtel des plaisirs
605,Year 2014 (40% below median visits),2014,hôtel des plaisirs
606,Year 2014 (40% below median visits),2014,hôtel des plaisirs
607,Year 2014 (40% below median visits),2014,hôtel des plaisirs
608,Year 2014 (40% below median visits),2014,forêt la reculée
609,Year 2014 (40% below median visits),2014,forêt la reculée
610,Year 2014 (40% below median visits),2014,forêt la reculée
611,Year 2014 (40% below median visits),2014,forêt la reculée
612,Year 2014 (40% below median visits),2014,forêt la reculée
613,Year 2014 (40% below median visits),2014,forêt la reculée
614,Year 2014 (40% below median visits),2014,forêt la reculée
615,Year 2014 (40% below median visits),2014,forêt la reculée
616,Year 2014 (40% below median visits),2014,forêt la reculée
617,Year 2014 (40% below median visits),2014,forêt la reculée
618,Year 2014 (40% below median visits),2014,forêt la reculée
619,Year 2014 (40% below median visits),2014,forêt la reculée
620,Year 2014 (40% below median visits),2014,forêt la reculée
621,Year 2014 (40% below median visits),2014,forêt la reculée
622,Year 2014 (40% below median visits),2014,forêt la reculée
623,Year 2014 (40% below median visits),2014,forêt la reculée
624,Year 2014 (40% below median visits),2014,forêt la reculée
625,Year 2014 (40% below median visits),2014,forêt la reculée
626,Year 2014 (40% below median visits),2014,forêt la reculée
627,Year 2014 (40% below median visits),2014,forêt la reculée
628,Year 2014 (40% below median visits),2014,forêt la reculée
629,Year 2014 (40% below median visits),2014,forêt la reculée
630,Year 2014 (40% below median visits),2014,forêt la reculée
631,Year 2014 (40% below median visits),2014,forêt la reculée
632,Year 2014 (40% below median visits),2014,forêt la reculée
633,Year 2014 (40% below median visits),2014,forêt la reculée
634,Year 2014 (40% below median visits),2014,forêt la reculée
635,Year 2014 (40% below median visits),2014,forêt la reculée
636,Year 2014 (40% below median visits),2014,forêt la reculée
637,Year 2014 (40% below median visits),2014,forêt la reculée
638,Year 2014 (40% below median visits),2014,forêt la reculée
639,Year 2014 (40% below median visits),2014,forêt la reculée
640,Year 2014 (40% below median visits),2014,forêt la reculée
641,Year 2014 (40% below median visits),2014,forêt la reculée
642,Year 2014 (40% below median visits),2014,forêt la reculée
643,Year 2014 (40% below median visits),2014,forêt la reculée
644,Year 2014 (40% below median visits),2014,forêt la reculée
645,Year 2014 (40% below median visits),2014,forêt la reculée
646,Year 2014 (40% below median visits),2014,forêt la reculée
647,Year 2014 (40% below median visits),2014,forêt la reculée
648,Year 2014 (40% below median visits),2014,forêt la reculée
649,Year 2014 (40% below median visits),2014,forêt la reculée
650,Year 2014 (40% below median visits),2014,forêt la reculée
651,Year 2014 (40% below median visits),2014,forêt la reculée
652,Year 2014 (40% below median visits),2014,forêt la reculée
653,Year 2014 (40% below median visits),2014,forêt la reculée
654,Year 2014 (40% below median visits),2014,forêt la reculée
655,Year 2014 (40% below median visits),2014,forêt la reculée
656,Year 2014 (40% below median visits),2014,forêt la reculée
657,Year 2014 (40% below median visits),2014,forêt la reculée
658,Year 2014 (40% below median visits),2014,forêt la reculée
659,Year 2014 (40% below median visits),2014,forêt la reculée
660,Year 2014 (40% below median visits),2014,forêt la reculée
661,Year 2014 (40% below median visits),2014,forêt la reculée
662,Year 2014 (40% below median visits),2014,forêt la reculée
663,Year 2014 (40% below median visits),2014,forêt la reculée
664,Year 2014 (40% below median visits),2014,forêt la reculée
665,Year 2014 (40% below median visits),2014,forêt la reculée
666,Year 2014 (40% below median visits),2014,forêt la reculée
667,Year 2014 (40% below median visits),2014,forêt la reculée
668,Year 2014 (40% below median visits),2014,forêt la reculée
669,Year 2014 (40% below median visits),2014,forêt la reculée
670,Year 2014 (40% below median visits),2014,forêt la reculée
671,Year 2014 (40% below median visits),2014,forêt la reculée
672,Year 2014 (40% below median visits),2014,forêt la reculée
673,Year 2014 (40% below median visits),2014,forêt la reculée
674,Year 2014 (40% below median visits),2014,forêt la reculée
675,Year 2014 (40% below median visits),2014,forêt la reculée
676,Year 2014 (40% below median visits),2014,forêt la reculée
677,Year 2014 (40% below median visits),2014,forêt la reculée
678,Year 2014 (40% below median visits),2014,forêt la reculée
679,Year 2014 (40% below median visits),2014,forêt la reculée
680,Year 2014 (40% below median visits),2014,forêt la reculée
681,Year 2014 (40% below median visits),2014,forêt la reculée
682,Year 2014 (40% below median visits),2014,forêt la reculée
683,Year 2014 (40% below median visits),2014,forêt la reculée
684,Year 2014 (40% below median visits),2014,forêt la reculée
685,Year 2014 (40% below median visits),2014,forêt la reculée
686,Year 2014 (40% below median visits),2014,forêt la reculée
687,Year 2014 (40% below median visits),2014,forêt la reculée
688,Year 2014 (40% below median visits),2014,forêt la reculée
689,Year 2014 (40% below median visits),2014,forêt la reculée
690,Year 2014 (40% below median visits),2014,forêt la reculée
691,Year 2014 (40% below median visits),2014,forêt la reculée
692,Year 2014 (40% below median visits),2014,forêt la reculée
693,Year 2014 (40% below median visits),2014,forêt la reculée
694,Year 2014 (40% below median visits),2014,forêt la reculée
695,Year 2014 (40% below median visits),2014,forêt la reculée
696,Year 2014 (40% below median visits),2014,forêt la reculée
697,Year 2014 (40% below median visits),2014,forêt la reculée
698,Year 2014 (40% below median visits),2014,forêt la reculée
699,Year 2014 (40% below median visits),2014,forêt la reculée
700,Year 2014 (40% below median visits),2014,forêt la reculée
701,Year 2014 (40% below median visits),2014,forêt la reculée
702,Year 2014 (40% below median visits),2014,forêt la reculée
703,Year 2014 (40% below median visits),2014,forêt la reculée
704,Year 2014 (40% below median visits),2014,forêt la reculée
705,Year 2014 (40% below median visits),2014,forêt la reculée
706,Year 2014 (40% below median visits),2014,forêt la reculée
707,Year 2014 (40% below median visits),2014,forêt la reculée
708,Year 2014 (40% below median visits),2014,forêt la reculée
709,Year 2014 (40% below median visits),2014,forêt la reculée
710,Year 2014 (40% below median visits),2014,forêt la reculée
711,Year 2014 (40% below median visits),2014,forêt la reculée
712,Year 2014 (40% below median visits),2014,forêt la reculée
713,Year 2014 (40% below median visits),2014,forêt la reculée
714,Year 2014 (40% below median visits),2014,forêt la reculée
715,Year 2014 (40% below median visits),2014,forêt la reculée
716,Year 2014 (40% below median visits),2014,forêt la reculée
717,Year 2014 (40% below median visits),2014,forêt la reculée
718,Year 2014 (40% below median visits),2014,forêt la reculée
719,Year 2014 (40% below median visits),2014,forêt la reculée
720,Year 2014 (40% below median visits),2014,forêt la reculée
721,Year 2014 (40% below median visits),2014,forêt la reculée
722,Year 2014 (40% below median visits),2014,forêt la reculée
723,Year 2014 (40% below median visits),2014,forêt la reculée
724,Year 2014 (40% below median visits),2014,forêt la reculée
725,Year 2014 (40% below median visits),2014,forêt la reculée
726,Year 2014 (40% below median visits),2014,forêt la reculée
727,Year 2014 (40% below median visits),2014,forêt la reculée
728,Year 2014 (40% below median visits),2014,forêt la reculée
729,Year 2014 (40% below median visits),2014,forêt la reculée
730,Year 2014 (40% below median visits),2014,forêt la reculée
731,Year 2014 (40% below median visits),2014,forêt la reculée
732,Year 2014 (40% below median visits),2014,forêt la reculée
733,Year 2014 (40% below median visits),2014,forêt la reculée
734,Year 2014 (40% below median visits),2014,forêt la reculée
735,Year 2014 (40% below median visits),2014,forêt la reculée
736,Year 2014 (40% below median visits),2014,forêt la reculée
737,Year 2014 (40% below median visits),2014,forêt la reculée
738,Year 2014 (40% below median visits),2014,forêt la reculée
739,Year 2014 (40% below median visits),2014,forêt la reculée
740,Year 2014 (40% below median visits),2014,forêt la reculée
741,Year 2014 (40% below median visits),2014,forêt la reculée
742,Year 2014 (40% below median visits),2014,forêt la reculée
743,Year 2014 (40% below median visits),2014,forêt la reculée
744,Year 2014 (40% below median visits),2014,forêt la reculée
745,Year 2014 (40% below median visits),2014,forêt la reculée
746,Year 2014 (40% below median visits),2014,forêt la reculée
747,Year 2014 (40% below median visits),2014,forêt la reculée
748,Year 2014 (40% below median visits),2014,forêt la reculée
749,Year 2014 (40% below median visits),2014,forêt la reculée
750,Year 2014 (40% below median visits),2014,forêt la reculée
751,Year 2014 (40% below median visits),2014,forêt la reculée
752,Year 2014 (40% below median visits),2014,forêt la reculée
753,Year 2014 (40% below median visits),2014,forêt la reculée
754,Year 2014 (40% below median visits),2014,forêt la reculée
755,Year 2014 (40% below median visits),2014,forêt la reculée
756,Year 2014 (40% below median visits),2014,forêt la reculée
757,Year 2014 (40% below median visits),2014,forêt la reculée
758,Year 2014 (40% below median visits),2014,forêt la reculée
759,Year 2014 (40% below median visits),2014,ilets du françois
760,Year 2014 (40% below median visits),2014,ilets du françois
761,Year 2014 (40% below median visits),2014,ilets du françois
762,Year 2014 (40% below median visits),2014,ilets du françois
763,Year 2014 (40% below median visits),2014,ilets du françois
764,Year 2014 (40% below median visits),2014,ilets du françois
765,Year 2014 (40% below median visits),2014,ilets du françois
766,Year 2014 (40% below median visits),2014,ilets du françois
767,Year 2014 (40% below median visits),2014,ilets du françois
768,Year 2014 (40% below median visits),2014,ilets du françois
769,Year 2014 (40% below median visits),2014,ilets du françois
770,Year 2014 (40% below median visits),2014,ilets du françois
771,Year 2014 (40% below median visits),2014,ilets du françois
772,Year 2014 (40% below median visits),2014,ilets du françois
773,Year 2014 (40% below median visits),2014,ilets du françois
774,Year 2014 (40% below median visits),2014,ilets du françois
775,Year 2014 (40% below median visits),2014,ilets du françois
776,Year 2014 (40% below median visits),2014,ilets du françois
777,Year 2014 (40% below median visits),2014,ilets du françois
778,Year 2014 (40% below median visits),2014,ilets du françois
779,Year 2014 (40% below median visits),2014,ilets du françois
780,Year 2014 (40% below median visits),2014,ilets du françois
781,Year 2014 (40% below median visits),2014,ilets du françois
782,Year 2014 (40% below median visits),2014,ilets du françois
783,Year 2014 (40% below median visits),2014,ilets du françois
784,Year 2014 (40% below median visits),2014,ilets du françois
785,Year 2014 (40% below median visits),2014,ilets du françois
786,Year 2014 (40% below median visits),2014,ilets du françois
787,Year 2014 (40% below median visits),2014,ilets du françois
788,Year 2014 (40% below median visits),2014,ilets du françois
789,Year 2014 (40% below median visits),2014,ilets du françois
790,Year 2014 (40% below median visits),2014,ilets du françois
791,Year 2014 (40% below median visits),2014,ilets du françois
792,Year 2014 (40% below median visits),2014,ilets du françois
793,Year 2014 (40% below median visits),2014,ilets du françois
794,Year 2014 (40% below median visits),2014,ilets du françois
795,Year 2014 (40% below median visits),2014,ilets du françois
796,Year 2014 (40% below median visits),2014,ilets du françois
797,Year 2014 (40% below median visits),2014,ilets du françois
798,Year 2014 (40% below median visits),2014,ilets du françois
799,Year 2014 (40% below median visits),2014,ilets du françois
800,Year 2014 (40% below median visits),2014,ilets du françois
801,Year 2014 (40% below median visits),2014,ilets du françois
802,Year 2014 (40% below median visits),2014,ilets du françois
803,Year 2014 (40% below median visits),2014,ilets du françois
804,Year 2014 (40% below median visits),2014,ilets du françois
805,Year 2014 (40% below median visits),2014,ilets du françois
806,Year 2014 (40% below median visits),2014,fond baron
807,Year 2014 (40% below median visits),2014,fond baron
808,Year 2014 (40% below median visits),2014,fond baron
809,Year 2014 (40% below median visits),2014,fond baron
810,Year 2014 (40% below median visits),2014,fond baron
811,Year 2014 (40% below median visits),2014,fond baron
812,Year 2014 (40% below median visits),2014,fond baron
813,Year 2014 (40% below median visits),2014,fond baron
814,Year 2014 (40% below median visits),2014,fond baron
815,Year 2014 (40% below median visits),2014,fond baron
816,Year 2014 (40% below median visits),2014,fond baron
817,Year 2014 (40% below median visits),2014,fond baron
818,Year 2014 (40% below median visits),2014,fond baron
819,Year 2014 (40% below median visits),2014,fond baron
820,Year 2014 (40% below median visits),2014,fond baron
821,Year 2014 (40% below median visits),2014,fond baron
822,Year 2014 (40% below median visits),2014,fond baron
823,Year 2014 (40% below median visits),2014,fond baron
824,Year 2014 (40% below median visits),2014,fond baron
825,Year 2014 (40% below median visits),2014,fond baron
826,Year 2014 (40% below median visits),2014,fond baron
827,Year 2014 (40% below median visits),2014,fond baron
828,Year 2014 (40% below median visits),2014,fond baron
829,Year 2014 (40% below median visits),2014,fond baron
830,Year 2014 (40% below median visits),2014,fond baron
831,Year 2014 (40% below median visits),2014,fond baron
832,Year 2014 (40% below median visits),2014,fond baron
833,Year 2014 (40% below median visits),2014,fond baron
834,Year 2014 (40% below median visits),2014,fond baron
835,Year 2014 (40% below median visits),2014,fond baron
836,Year 2014 (40% below median visits),2014,fond baron
837,Year 2014 (40% below median visits),2014,fond baron
838,Year 2014 (40% below median visits),2014,fond baron
839,Year 2014 (40% below median visits),2014,fond baron
840,Year 2014 (40% below median visits),2014,fond baron
841,Year 2014 (40% below median visits),2014,fond baron
842,Year 2014 (40% below median visits),2014,fond baron
843,Year 2014 (40% below median visits),2014,fond baron
844,Year 2014 (40% below median visits),2014,fond baron
845,Year 2014 (40% below median visits),2014,fond baron
846,Year 2014 (40% below median visits),2014,fond baron
847,Year 2014 (40% below median visits),2014,fond baron
848,Year 2014 (40% below median visits),2014,fond baron
849,Year 2014 (40% below median visits),2014,fond baron
850,Year 2014 (40% below median visits),2014,fond baron
851,Year 2014 (40% below median visits),2014,fond baron
852,Year 2014 (40% below median visits),2014,fond baron
853,Year 2014 (40% below median visits),2014,fond baron
854,Year 2014 (40% below median visits),2014,fond baron
855,Year 2014 (40% below median visits),2014,fond baron
856,Year 2014 (40% below median visits),2014,fond baron
857,Year 2014 (40% below median visits),2014,fond baron
858,Year 2014 (40% below median visits),2014,fond baron
859,Year 2014 (40% below median visits),2014,fond baron
860,Year 2014 (40% below median visits),2014,fond baron
861,Year 2014 (40% below median visits),2014,fond baron
862,Year 2014 (40% below median visits),2014,fond baron
863,Year 2014 (40% below median visits),2014,fond baron
864,Year 2014 (40% below median visits),2014,fond baron
865,Year 2014 (40% below median visits),2014,fond baron
866,Year 2014 (40% below median visits),2014,fond baron
867,Year 2014 (40% below median visits),2014,fond baron
868,Year 2014 (40% below median visits),2014,fond baron
869,Year 2014 (40% below median visits),2014,fond baron
870,Year 2014 (40% below median visits),2014,fond baron
871,Year 2014 (40% below median visits),2014,fond baron
872,Year 2014 (40% below median visits),2014,fond baron
873,Year 2014 (40% below median visits),2014,fond baron
874,Year 2014 (40% below median visits),2014,fond baron
875,Year 2014 (40% below median visits),2014,fond baron
876,Year 2014 (40% below median visits),2014,fond baron
877,Year 2014 (40% below median visits),2014,domaine d'emeraude
878,Year 2014 (40% below median visits),2014,domaine d'emeraude
879,Year 2014 (40% below median visits),2014,domaine d'emeraude
880,Year 2014 (40% below median visits),2014,domaine d'emeraude
881,Year 2014 (40% below median visits),2014,domaine d'emeraude
882,Year 2014 (40% below median visits),2014,domaine d'emeraude
883,Year 2014 (40% below median visits),2014,domaine d'emeraude
884,Year 2014 (40% below median visits),2014,domaine d'emeraude
885,Year 2014 (40% below median visits),2014,domaine d'emeraude
886,Year 2014 (40% below median visits),2014,domaine d'emeraude
887,Year 2014 (40% below median visits),2014,domaine d'emeraude
888,Year 2014 (40% below median visits),2014,domaine d'emeraude
889,Year 2014 (40% below median visits),2014,domaine d'emeraude
890,Year 2014 (40% below median visits),2014,domaine d'emeraude
891,Year 2014 (40% below median visits),2014,domaine d'emeraude
892,Year 2014 (40% below median visits),2014,domaine d'emeraude
893,Year 2014 (40% below median visits),2014,domaine d'emeraude
894,Year 2014 (40% below median visits),2014,domaine d'emeraude
895,Year 2014 (40% below median visits),2014,domaine d'emeraude
896,Year 2014 (40% below median visits),2014,domaine d'emeraude
897,Year 2014 (40% below median visits),2014,domaine d'emeraude
898,Year 2014 (40% below median visits),2014,domaine d'emeraude
899,Year 2014 (40% below median visits),2014,domaine d'emeraude
900,Year 2014 (40% below median visits),2014,domaine d'emeraude
901,Year 2014 (40% below median visits),2014,domaine d'emeraude
902,Year 2014 (40% below median visits),2014,domaine d'emeraude
903,Year 2014 (40% below median visits),2014,domaine d'emeraude
904,Year 2014 (40% below median visits),2014,domaine d'emeraude
905,Year 2014 (40% below median visits),2014,domaine d'emeraude
906,Year 2014 (40% below median visits),2014,domaine d'emeraude
907,Year 2014 (40% below median visits),2014,domaine d'emeraude
908,Year 2014 (40% below median visits),2014,domaine d'emeraude
909,Year 2014 (40% below median visits),2014,domaine d'emeraude
910,Year 2014 (40% below median visits),2014,domaine d'emeraude
911,Year 2014 (40% below median visits),2014,domaine d'emeraude
912,Year 2014 (40% below median visits),2014,domaine d'emeraude
913,Year 2014 (40% below median visits),2014,domaine d'emeraude
914,Year 2014 (40% below median visits),2014,domaine d'emeraude
915,Year 2014 (40% below median visits),2014,domaine d'emeraude
916,Year 2014 (40% below median visits),2014,domaine d'emeraude
917,Year 2014 (40% below median visits),2014,domaine d'emeraude
918,Year 2014 (40% below median visits),2014,domaine d'emeraude
919,Year 2014 (40% below median visits),2014,domaine d'emeraude
920,Year 2014 (40% below median visits),2014,domaine d'emeraude
921,Year 2014 (40% below median visits),2014,domaine d'emeraude
922,Year 2014 (40% below median visits),2014,domaine d'emeraude
923,Year 2014 (40% below median visits),2014,domaine d'emeraude
924,Year 2014 (40% below median visits),2014,domaine d'emeraude
925,Year 2014 (40% below median visits),2014,domaine d'emeraude
926,Year 2014 (40% below median visits),2014,domaine d'emeraude
927,Year 2014 (40% below median visits),2014,domaine d'emeraude
928,Year 2014 (40% below median visits),2014,domaine d'emeraude
929,Year 2014 (40% below median visits),2014,domaine d'emeraude
930,Year 2014 (40% below median visits),2014,domaine d'emeraude
931,Year 2014 (40% below median visits),2014,domaine d'emeraude
932,Year 2014 (40% below median visits),2014,domaine d'emeraude
933,Year 2014 (40% below median visits),2014,domaine d'emeraude
934,Year 2014 (40% below median visits),2014,domaine d'emeraude
935,Year 2014 (40% below median visits),2014,domaine d'emeraude
936,Year 2014 (40% below median visits),2014,domaine d'emeraude
937,Year 2014 (40% below median visits),2014,domaine d'emeraude
938,Year 2014 (40% below median visits),2014,domaine d'emeraude
939,Year 2014 (40% below median visits),2014,domaine d'emeraude
940,Year 2014 (40% below median visits),2014,domaine d'emeraude
941,Year 2014 (40% below median visits),2014,domaine d'emeraude
942,Year 2014 (40% below median visits),2014,domaine d'emeraude
943,Year 2014 (40% below median visits),2014,domaine d'emeraude
944,Year 2014 (40% below median visits),2014,domaine d'emeraude
945,Year 2014 (40% below median visits),2014,domaine d'emeraude
946,Year 2014 (40% below median visits),2014,domaine d'emeraude
947,Year 2014 (40% below median visits),2014,domaine d'emeraude
948,Year 2014 (40% below median visits),2014,domaine d'emeraude
949,Year 2014 (40% below median visits),2014,domaine d'emeraude
950,Year 2014 (40% below median visits),2014,domaine d'emeraude
951,Year 2014 (40% below median visits),2014,anse couleuvre
952,Year 2014 (40% below median visits),2014,anse couleuvre
953,Year 2014 (40% below median visits),2014,anse couleuvre
954,Year 2014 (40% below median visits),2014,anse couleuvre
955,Year 2014 (40% below median visits),2014,anse couleuvre
956,Year 2014 (40% below median visits),2014,anse couleuvre
957,Year 2014 (40% below median visits),2014,anse couleuvre
958,Year 2014 (40% below median visits),2014,anse couleuvre
959,Year 2014 (40% below median visits),2014,anse couleuvre
960,Year 2014 (40% below median visits),2014,anse couleuvre
961,Year 2014 (40% below median visits),2014,anse couleuvre
962,Year 2014 (40% below median visits),2014,anse couleuvre
963,Year 2014 (40% below median visits),2014,anse couleuvre
964,Year 2014 (40% below median visits),2014,anse couleuvre
965,Year 2014 (40% below median visits),2014,anse couleuvre
966,Year 2014 (40% below median visits),2014,anse couleuvre
967,Year 2014 (40% below median visits),2014,anse couleuvre
968,Year 2014 (40% below median visits),2014,anse couleuvre
969,Year 2014 (40% below median visits),2014,anse couleuvre
970,Year 2014 (40% below median visits),2014,anse couleuvre
971,Year 2014 (40% below median visits),2014,anse couleuvre
972,Year 2014 (40% below median visits),2014,anse couleuvre
973,Year 2014 (40% below median visits),2014,anse couleuvre
974,Year 2014 (40% below median visits),2014,anse couleuvre
975,Year 2014 (40% below median visits),2014,anse couleuvre
976,Year 2014 (40% below median visits),2014,anse couleuvre
977,Year 2014 (40% below median visits),2014,anse couleuvre
978,Year 2014 (40% below median visits),2014,anse couleuvre
979,Year 2014 (40% below median visits),2014,anse couleuvre
980,Year 2014 (40% below median visits),2014,anse couleuvre
981,Year 2014 (40% below median visits),2014,anse couleuvre
982,Year 2014 (40% below median visits),2014,anse couleuvre
983,Year 2014 (40% below median visits),2014,anse couleuvre
984,Year 2014 (40% below median visits),2014,anse couleuvre
985,Year 2014 (40% below median visits),2014,anse couleuvre
986,Year 2014 (40% below median visits),2014,anse couleuvre
987,Year 2014 (40% below median visits),2014,anse couleuvre
988,Year 2014 (40% below median visits),2014,anse couleuvre
989,Year 2014 (40% below median visits),2014,anse couleuvre
990,Year 2014 (40% below median visits),2014,anse couleuvre
991,Year 2014 (40% below median visits),2014,anse couleuvre
992,Year 2014 (40% below median visits),2014,anse couleuvre
993,Year 2014 (40% below median visits),2014,anse couleuvre
994,Year 2014 (40% below median visits),2014,anse couleuvre
995,Year 2014 (40% below median visits),2014,anse couleuvre
996,Year 2014 (40% below median visits),2014,anse couleuvre
997,Year 2014 (40% below median visits),2014,anse couleuvre
998,Year 2014 (40% below median visits),2014,anse couleuvre
999,Year 2014 (40% below median visits),2014,anse couleuvre
1000,Year 2014 (40% below median visits),2014,anse couleuvre
1001,Year 2014 (40% below median visits),2014,anse couleuvre
1002,Year 2014 (40% below median visits),2014,anse couleuvre
1003,Year 2014 (40% below median visits),2014,anse couleuvre
1004,Year 2014 (40% below median visits),2014,anse couleuvre
1005,Year 2014 (40% below median visits),2014,fond baron
1006,Year 2014 (40% below median visits),2014,fond baron
1007,Year 2014 (40% below median visits),2014,fond baron
1008,Year 2014 (40% below median visits),2014,fond baron
1009,Year 2014 (40% below median visits),2014,fond baron
1010,Year 2014 (40% below median visits),2014,fond baron
1011,Year 2014 (40% below median visits),2014,fond baron
1012,Year 2014 (40% below median visits),2014,fond baron
1013,Year 2014 (40% below median visits),2014,fond baron
1014,Year 2014 (40% below median visits),2014,fond baron
1015,Year 2014 (40% below median visits),2014,fond baron
1016,Year 2014 (40% below median visits),2014,fond baron
1017,Year 2014 (40% below median visits),2014,fond baron
1018,Year 2014 (40% below median visits),2014,fond baron
1019,Year 2014 (40% below median visits),2014,fond baron
1020,Year 2014 (40% below median visits),2014,fond baron
1021,Year 2014 (40% below median visits),2014,fond baron
1022,Year 2014 (40% below median visits),2014,fond baron
1023,Year 2014 (40% below median visits),2014,fond baron
1024,Year 2014 (40% below median visits),2014,fond baron
1025,Year 2014 (40% below median visits),2014,fond baron
1026,Year 2014 (40% below median visits),2014,fond baron
1027,Year 2014 (40% below median visits),2014,fond baron
1028,Year 2014 (40% below median visits),2014,fond baron
1029,Year 2014 (40% below median visits),2014,fond baron
1030,Year 2014 (40% below median visits),2014,fond baron
1031,Year 2014 (40% below median visits),2014,fond baron
1032,Year 2014 (40% below median visits),2014,fond baron
1033,Year 2014 (40% below median visits),2014,fond baron
1034,Year 2014 (40% below median visits),2014,fond baron
1035,Year 2014 (40% below median visits),2014,fond baron
1036,Year 2014 (40% below median visits),2014,fond baron
1037,Year 2014 (40% below median visits),2014,fond baron
1038,Year 2014 (40% below median visits),2014,fond baron
1039,Year 2014 (40% below median visits),2014,fond baron
1040,Year 2014 (40% below median visits),2014,fond baron
1041,Year 2014 (40% below median visits),2014,fond baron
1042,Year 2014 (40% below median visits),2014,fond baron
1043,Year 2014 (40% below median visits),2014,fond baron
1044,Year 2014 (40% below median visits),2014,fond baron
1045,Year 2014 (40% below median visits),2014,fond baron
1046,Year 2014 (40% below median visits),2014,fond baron
1047,Year 2014 (40% below median visits),2014,fond baron
1048,Year 2014 (40% below median visits),2014,fond baron
1049,Year 2014 (40% below median visits),2014,fond baron
1050,Year 2014 (40% below median visits),2014,fond baron
1051,Year 2014 (40% below median visits),2014,fond baron
1052,Year 2014 (40% below median visits),2014,fond baron
1053,Year 2014 (40% below median visits),2014,fond baron
1054,Year 2014 (40% below median visits),2014,fond baron
1055,Year 2014 (40% below median visits),2014,fond baron
1056,Year 2014 (40% below median visits),2014,fond baron
1057,Year 2014 (40% below median visits),2014,fond baron
1058,Year 2014 (40% below median visits),2014,fond baron
1059,Year 2014 (40% below median visits),2014,fond baron
1060,Year 2014 (40% below median visits),2014,anse couleuvre
1061,Year 2014 (40% below median visits),2014,anse couleuvre
1062,Year 2014 (40% below median visits),2014,anse couleuvre
1063,Year 2014 (40% below median visits),2014,anse couleuvre
1064,Year 2014 (40% below median visits),2014,anse couleuvre
1065,Year 2014 (40% below median visits),2014,anse couleuvre
1066,Year 2014 (40% below median visits),2014,anse couleuvre
1067,Year 2014 (40% below median visits),2014,anse couleuvre
1068,Year 2014 (40% below median visits),2014,anse couleuvre
1069,Year 2014 (40% below median visits),2014,anse couleuvre
1070,Year 2014 (40% below median visits),2014,anse couleuvre
1071,Year 2014 (40% below median visits),2014,anse couleuvre
1072,Year 2014 (40% below median visits),2014,anse couleuvre
1073,Year 2014 (40% below median visits),2014,anse couleuvre
1074,Year 2014 (40% below median visits),2014,anse couleuvre
1075,Year 2014 (40% below median visits),2014,anse couleuvre
1076,Year 2014 (40% below median visits),2014,anse couleuvre
1077,Year 2014 (40% below median visits),2014,anse couleuvre
1078,Year 2014 (40% below median visits),2014,anse couleuvre
1079,Year 2014 (40% below median visits),2014,anse couleuvre
1080,Year 2014 (40% below median visits),2014,anse couleuvre
1081,Year 2014 (40% below median visits),2014,anse couleuvre
1082,Year 2014 (40% below median visits),2014,anse couleuvre
1083,Year 2014 (40% below median visits),2014,anse couleuvre
1084,Year 2014 (40% below median visits),2014,anse couleuvre
1085,Year 2014 (40% below median visits),2014,anse couleuvre
1086,Year 2014 (40% below median visits),2014,anse couleuvre
1087,Year 2014 (40% below median visits),2014,anse couleuvre
1088,Year 2014 (40% below median visits),2014,anse couleuvre
1089,Year 2014 (40% below median visits),2014,anse couleuvre
1090,Year 2014 (40% below median visits),2014,anse couleuvre
1091,Year 2014 (40% below median visits),2014,anse couleuvre
1092,Year 2014 (40% below median visits),2014,anse couleuvre
1093,Year 2014 (40% below median visits),2014,anse couleuvre
1094,Year 2014 (40% below median visits),2014,anse couleuvre
1095,Year 2014 (40% below median visits),2014,anse couleuvre
1096,Year 2014 (40% below median visits),2014,anse couleuvre
1097,Year 2014 (40% below median visits),2014,anse couleuvre
1098,Year 2014 (40% below median visits),2014,anse couleuvre
1099,Year 2014 (40% below median visits),2014,anse couleuvre
1100,Year 2014 (40% below median visits),2014,anse couleuvre
1101,Year 2014 (40% below median visits),2014,anse couleuvre
1102,Year 2014 (40% below median visits),2014,anse couleuvre
1103,Year 2014 (40% below median visits),2014,anse couleuvre
1104,Year 2014 (40% below median visits),2014,anse couleuvre
1105,Year 2014 (40% below median visits),2014,anse couleuvre
1106,Year 2014 (40% below median visits),2014,anse couleuvre
1107,Year 2014 (40% below median visits),2014,anse couleuvre
1108,Year 2014 (40% below median visits),2014,anse couleuvre
1109,Year 2014 (40% below median visits),2014,anse couleuvre
1110,Year 2014 (40% below median visits),2014,domaine d'emeraude
1111,Year 2014 (40% below median visits),2014,domaine d'emeraude
1112,Year 2014 (40% below median visits),2014,domaine d'emeraude
1113,Year 2014 (40% below median visits),2014,domaine d'emeraude
1114,Year 2014 (40% below median visits),2014,domaine d'emeraude
1115,Year 2014 (40% below median visits),2014,domaine d'emeraude
1116,Year 2014 (40% below median visits),2014,domaine d'emeraude
1117,Year 2014 (40% below median visits),2014,domaine d'emeraude
1118,Year 2014 (40% below median visits),2014,domaine d'emeraude
1119,Year 2014 (40% below median visits),2014,domaine d'emeraude
1120,Year 2014 (40% below median visits),2014,domaine d'emeraude
1121,Year 2014 (40% below median visits),2014,domaine d'emeraude
1122,Year 2014 (40% below median visits),2014,domaine d'emeraude
1123,Year 2014 (40% below median visits),2014,domaine d'emeraude
1124,Year 2014 (40% below median visits),2014,domaine d'emeraude
1125,Year 2014 (40% below median visits),2014,domaine d'emeraude
1126,Year 2014 (40% below median visits),2014,domaine d'emeraude
1127,Year 2014 (40% below median visits),2014,domaine d'emeraude
1128,Year 2014 (40% below median visits),2014,domaine d'emeraude
1129,Year 2014 (40% below median visits),2014,domaine d'emeraude
1130,Year 2014 (40% below median visits),2014,domaine d'emeraude
1131,Year 2014 (40% below median visits),2014,domaine d'emeraude
1132,Year 2014 (40% below median visits),2014,domaine d'emeraude
1133,Year 2014 (40% below median visits),2014,domaine d'emeraude
1134,Year 2014 (40% below median visits),2014,domaine d'emeraude
1135,Year 2014 (40% below median visits),2014,domaine d'emeraude
1136,Year 2014 (40% below median visits),2014,domaine d'emeraude
1137,Year 2014 (40% below median visits),2014,domaine d'emeraude
1138,Year 2014 (40% below median visits),2014,domaine d'emeraude
1139,Year 2014 (40% below median visits),2014,domaine d'emeraude
1140,Year 2014 (40% below median visits),2014,domaine d'emeraude
1141,Year 2014 (40% below median visits),2014,domaine d'emeraude
1142,Year 2014 (40% below median visits),2014,domaine d'emeraude
1143,Year 2014 (40% below median visits),2014,domaine d'emeraude
1144,Year 2014 (40% below median visits),2014,domaine d'emeraude
1145,Year 2014 (40% below median visits),2014,domaine d'emeraude
1146,Year 2014 (40% below median visits),2014,domaine d'emeraude
1147,Year 2014 (40% below median visits),2014,domaine d'emeraude
1148,Year 2014 (40% below median visits),2014,domaine d'emeraude
1149,Year 2014 (40% below median visits),2014,domaine d'emeraude
1150,Year 2014 (40% below median visits),2014,domaine d'emeraude
1151,Year 2014 (40% below median visits),2014,domaine d'emeraude
1152,Year 2014 (40% below median visits),2014,domaine d'emeraude
1153,Year 2014 (40% below median visits),2014,domaine d'emeraude
1154,Year 2014 (40% below median visits),2014,domaine d'emeraude
1155,Year 2014 (40% below median visits),2014,domaine d'emeraude
1156,Year 2014 (40% below median visits),2014,domaine d'emeraude
1157,Year 2014 (40% below median visits),2014,domaine d'emeraude
1158,Year 2014 (40% below median visits),2014,domaine d'emeraude
1159,Year 2014 (40% below median visits),2014,domaine d'emeraude
1160,Year 2014 (40% below median visits),2014,domaine d'emeraude
1161,Year 2014 (40% below median visits),2014,domaine d'emeraude
1162,Year 2014 (40% below median visits),2014,domaine d'emeraude
1163,Year 2014 (40% below median visits),2014,domaine d'emeraude
1164,Year 2014 (40% below median visits),2014,domaine d'emeraude
1165,Year 2014 (40% below median visits),2014,domaine d'emeraude
1166,Year 2014 (40% below median visits),2014,domaine d'emeraude
1167,Year 2014 (40% below median visits),2014,domaine d'emeraude
1168,Year 2014 (40% below median visits),2014,domaine d'emeraude
1169,Year 2014 (40% below median visits),2014,domaine d'emeraude
1170,Year 2014 (40% below median visits),2014,domaine d'emeraude
1171,Year 2014 (40% below median visits),2014,o'mullane
1172,Year 2014 (40% below median visits),2014,o'mullane
1173,Year 2014 (40% below median visits),2014,o'mullane
1174,Year 2014 (40% below median visits),2014,o'mullane
1175,Year 2014 (40% below median visits),2014,o'mullane
1176,Year 2014 (40% below median visits),2014,o'mullane
1177,Year 2014 (40% below median visits),2014,o'mullane
1178,Year 2014 (40% below median visits),2014,o'mullane
1179,Year 2014 (40% below median visits),2014,o'mullane
1180,Year 2014 (40% below median visits),2014,o'mullane
1181,Year 2014 (40% below median visits),2014,o'mullane
1182,Year 2014 (40% below median visits),2014,o'mullane
1183,Year 2014 (40% below median visits),2014,o'mullane
1184,Year 2014 (40% below median visits),2014,o'mullane
1185,Year 2014 (40% below median visits),2014,o'mullane
1186,Year 2014 (40% below median visits),2014,o'mullane
1187,Year 2014 (40% below median visits),2014,o'mullane
1188,Year 2014 (40% below median visits),2014,o'mullane
1189,Year 2014 (40% below median visits),2014,o'mullane
1190,Year 2014 (40% below median visits),2014,o'mullane
1191,Year 2014 (40% below median visits),2014,o'mullane
1192,Year 2014 (40% below median visits),2014,o'mullane
1193,Year 2014 (40% below median visits),2014,o'mullane
1194,Year 2014 (40% below median visits),2014,o'mullane
1195,Year 2014 (40% below median visits),2014,o'mullane
1196,Year 2014 (40% below median visits),2014,o'mullane
1197,Year 2014 (40% below median visits),2014,o'mullane
1198,Year 2014 (40% below median visits),2014,o'mullane
1199,Year 2014 (40% below median visits),2014,o'mullane
1200,Year 2014 (40% below median visits),2014,o'mullane
1201,Year 2014 (40% below median visits),2014,o'mullane
1202,Year 2014 (40% below median visits),2014,o'mullane
1203,Year 2014 (40% below median visits),2014,o'mullane
1204,Year 2014 (40% below median visits),2014,o'mullane
1205,Year 2014 (40% below median visits),2014,o'mullane
1206,Year 2014 (40% below median visits),2014,o'mullane
1207,Year 2014 (40% below median visits),2014,o'mullane
1208,Year 2014 (40% below median visits),2014,o'mullane
1209,Year 2014 (40% below median visits),2014,o'mullane
1210,Year 2014 (40% below median visits),2014,o'mullane
1211,Year 2014 (40% below median visits),2014,o'mullane
1212,Year 2014 (40% below median visits),2014,o'mullane
1213,Year 2014 (40% below median visits),2014,o'mullane
1214,Year 2014 (40% below median visits),2014,o'mullane
1215,Year 2014 (40% below median visits),2014,o'mullane
1216,Year 2014 (40% below median visits),2014,o'mullane
1217,Year 2014 (40% below median visits),2014,o'mullane
1218,Year 2014 (40% below median visits),2014,o'mullane
1219,Year 2014 (40% below median visits),2014,o'mullane
1220,Year 2014 (40% below median visits),2014,o'mullane
1221,Year 2014 (40% below median visits),2014,o'mullane
1222,Year 2014 (40% below median visits),2014,o'mullane
1223,Year 2014 (40% below median visits),2014,o'mullane
1224,Year 2014 (40% below median visits),2014,o'mullane
1225,Year 2014 (40% below median visits),2014,o'mullane
1226,Year 2014 (40% below median visits),2014,o'mullane
1227,Year 2014 (40% below median visits),2014,o'mullane
1228,Year 2014 (40% below median visits),2014,o'mullane
1229,Year 2014 (40% below median visits),2014,o'mullane
1230,Year 2014 (40% below median visits),2014,o'mullane
1231,Year 2014 (40% below median visits),2014,o'mullane
1232,Year 2014 (40% below median visits),2014,o'mullane
1233,Year 2014 (40% below median visits),2014,o'mullane
1234,Year 2014 (40% below median visits),2014,o'mullane
1235,Year 2014 (40% below median visits),2014,o'mullane
1236,Year 2014 (40% below median visits),2014,o'mullane
1237,Year 2014 (40% below median visits),2014,o'mullane
1238,Year 2014 (40% below median visits),2014,o'mullane
1239,Year 2014 (40% below median visits),2014,o'mullane
1240,Year 2014 (40% below median visits),2014,o'mullane
1241,Year 2014 (40% below median visits),2014,o'mullane
1242,Year 2014 (40% below median visits),2014,o'mullane
1243,Year 2014 (40% below median visits),2014,o'mullane
1244,Year 2014 (40% below median visits),2014,o'mullane
1245,Year 2014 (40% below median visits),2014,o'mullane
1246,Year 2014 (40% below median visits),2014,o'mullane
1247,Year 2014 (40% below median visits),2014,o'mullane
1248,Year 2014 (40% below median visits),2014,o'mullane
1249,Year 2014 (40% below median visits),2014,o'mullane
1250,Year 2014 (40% below median visits),2014,o'mullane
1251,Year 2014 (40% below median visits),2014,o'mullane
1252,Year 2014 (40% below median visits),2014,o'mullane
1253,Year 2014 (40% below median visits),2014,o'mullane
1254,Year 2014 (40% below median visits),2014,o'mullane
1255,Year 2014 (40% below median visits),2014,o'mullane
1256,Year 2014 (40% below median visits),2014,o'mullane
1257,Year 2014 (40% below median visits),2014,o'mullane
1258,Year 2014 (40% below median visits),2014,o'mullane
1259,Year 2014 (40% below median visits),2014,o'mullane
1260,Year 2014 (40% below median visits),2014,o'mullane
1261,Year 2014 (40% below median visits),2014,o'mullane
1262,Year 2014 (40% below median visits),2014,o'mullane
1263,Year 2014 (40% below median visits),2014,o'mullane
1264,Year 2014 (40% below median visits),2014,o'mullane
1265,Year 2014 (40% below median visits),2014,o'mullane
1266,Year 2014 (40% below median visits),2014,o'mullane
1267,Year 2014 (40% below median visits),2014,o'mullane
1268,Year 2014 (40% below median visits),2014,o'mullane
1269,Year 2014 (40% below median visits),2014,o'mullane
1270,Year 2014 (40% below median visits),2014,o'mullane
1271,Year 2014 (40% below median visits),2014,o'mullane
1272,Year 2014 (40% below median visits),2014,o'mullane
1273,Year 2014 (40% below median visits),2014,o'mullane
1274,Year 2014 (40% below median visits),2014,o'mullane
1275,Year 2014 (40% below median visits),2014,o'mullane
1276,Year 2014 (40% below median visits),2014,o'mullane
1277,Year 2014 (40% below median visits),2014,o'mullane
1278,Year 2014 (40% below median visits),2014,o'mullane
1279,Year 2014 (40% below median visits),2014,o'mullane
1280,Year 2014 (40% below median visits),2014,o'mullane
1281,Year 2014 (40% below median visits),2014,o'mullane
1282,Year 2014 (40% below median visits),2014,o'mullane
1283,Year 2014 (40% below median visits),2014,o'mullane
1284,Year 2014 (40% below median visits),2014,o'mullane
1285,Year 2014 (40% below median visits),2014,o'mullane
1286,Year 2014 (40% below median visits),2014,o'mullane
1287,Year 2014 (40% below median visits),2014,o'mullane
1288,Year 2014 (40% below median visits),2014,o'mullane
1289,Year 2014 (40% below median visits),2014,o'mullane
1290,Year 2014 (40% below median visits),2014,o'mullane
1291,Year 2014 (40% below median visits),2014,o'mullane
1292,Year 2014 (40% below median visits),2014,o'mullane
1293,Year 2014 (40% below median visits),2014,o'mullane
1294,Year 2014 (40% below median visits),2014,o'mullane
1295,Year 2014 (40% below median visits),2014,o'mullane
1296,Year 2014 (40% below median visits),2014,o'mullane
1297,Year 2014 (40% below median visits),2014,o'mullane
1298,Year 2014 (40% below median visits),2014,o'mullane
1299,Year 2014 (40% below median visits),2014,o'mullane
1300,Year 2014 (40% below median visits),2014,o'mullane
1301,Year 2014 (40% below median visits),2014,o'mullane
1302,Year 2014 (40% below median visits),2014,o'mullane
1303,Year 2014 (40% below median visits),2014,o'mullane
1304,Year 2014 (40% below median visits),2014,o'mullane
1305,Year 2014 (40% below median visits),2014,o'mullane
1306,Year 2014 (40% below median visits),2014,o'mullane
1307,Year 2014 (40% below median visits),2014,o'mullane
1308,Year 2014 (40% below median visits),2014,o'mullane
1309,Year 2014 (40% below median visits),2014,o'mullane
1310,Year 2014 (40% below median visits),2014,o'mullane
1311,Year 2014 (40% below median visits),2014,o'mullane
1312,Year 2014 (40% below median visits),2014,o'mullane
1313,Year 2014 (40% below median visits),2014,o'mullane
1314,Year 2014 (40% below median visits),2014,o'mullane
1315,Year 2014 (40% below median visits),2014,o'mullane
1316,Year 2014 (40% below median visits),2014,o'mullane
1317,Year 2014 (40% below median visits),2014,o'mullane
1318,Year 2014 (40% below median visits),2014,o'mullane
1319,Year 2014 (40% below median visits),2014,o'mullane
1320,Year 2014 (40% below median visits),2014,o'mullane
1321,Year 2014 (40% below median visits),2014,o'mullane
1322,Year 2014 (40% below median visits),2014,o'mullane
1323,Year 2014 (40% below median visits),2014,o'mullane
1324,Year 2014 (40% below median visits),2014,o'mullane
1325,Year 2014 (40% below median visits),2014,o'mullane
1326,Year 2014 (40% below median visits),2014,o'mullane
1327,Year 2014 (40% below median visits),2014,o'mullane
1328,Year 2014 (40% below median visits),2014,o'mullane
1329,Year 2014 (40% below median visits),2014,o'mullane
1330,Year 2014 (40% below median visits),2014,o'mullane
1331,Year 2014 (40% below median visits),2014,o'mullane
1332,Year 2014 (40% below median visits),2014,o'mullane
1333,Year 2014 (40% below median visits),2014,o'mullane
1334,Year 2014 (40% below median visits),2014,o'mullane
1335,Year 2014 (40% below median visits),2014,o'mullane
1336,Year 2014 (40% below median visits),2014,o'mullane
1337,Year 2014 (40% below median visits),2014,o'mullane
1338,Year 2014 (40% below median visits),2014,o'mullane
1339,Year 2014 (40% below median visits),2014,o'mullane
1340,Year 2014 (40% below median visits),2014,o'mullane
1341,Year 2014 (40% below median visits),2014,o'mullane
1342,Year 2014 (40% below median visits),2014,o'mullane
1343,Year 2014 (40% below median visits),2014,o'mullane
1344,Year 2014 (40% below median visits),2014,o'mullane
1345,Year 2014 (40% below median visits),2014,fonds préville
1346,Year 2014 (40% below median visits),2014,fonds préville
1347,Year 2014 (40% below median visits),2014,fonds préville
1348,Year 2014 (40% below median visits),2014,fonds préville
1349,Year 2014 (40% below median visits),2014,fonds préville
1350,Year 2014 (40% below median visits),2014,fonds préville
1351,Year 2014 (40% below median visits),2014,fonds préville
1352,Year 2014 (40% below median visits),2014,fonds préville
1353,Year 2014 (40% below median visits),2014,fonds préville
1354,Year 2014 (40% below median visits),2014,fonds préville
1355,Year 2014 (40% below median visits),2014,fonds préville
1356,Year 2014 (40% below median visits),2014,fonds préville
1357,Year 2014 (40% below median visits),2014,fonds préville
1358,Year 2014 (40% below median visits),2014,fonds préville
1359,Year 2014 (40% below median visits),2014,fonds préville
1360,Year 2014 (40% below median visits),2014,fonds préville
1361,Year 2014 (40% below median visits),2014,fonds préville
1362,Year 2014 (40% below median visits),2014,fonds préville
1363,Year 2014 (40% below median visits),2014,fonds préville
1364,Year 2014 (40% below median visits),2014,fonds préville
1365,Year 2014 (40% below median visits),2014,fonds préville
1366,Year 2014 (40% below median visits),2014,fonds préville
1367,Year 2014 (40% below median visits),2014,fonds préville
1368,Year 2014 (40% below median visits),2014,fonds préville
1369,Year 2014 (40% below median visits),2014,fonds préville
1370,Year 2014 (40% below median visits),2014,fonds préville
1371,Year 2014 (40% below median visits),2014,fonds préville
1372,Year 2014 (40% below median visits),2014,fonds préville
1373,Year 2014 (40% below median visits),2014,fonds préville
1374,Year 2014 (40% below median visits),2014,fonds préville
1375,Year 2014 (40% below median visits),2014,fonds préville
1376,Year 2014 (40% below median visits),2014,fonds préville
1377,Year 2014 (40% below median visits),2014,fonds préville
1378,Year 2014 (40% below median visits),2014,fonds préville
1379,Year 2014 (40% below median visits),2014,fonds préville
1380,Year 2014 (40% below median visits),2014,fonds préville
1381,Year 2014 (40% below median visits),2014,fonds préville
1382,Year 2014 (40% below median visits),2014,fonds préville
1383,Year 2014 (40% below median visits),2014,fonds préville
1384,Year 2014 (40% below median visits),2014,fonds préville
1385,Year 2014 (40% below median visits),2014,fonds préville
1386,Year 2014 (40% below median visits),2014,fonds préville
1387,Year 2014 (40% below median visits),2014,fonds préville
1388,Year 2014 (40% below median visits),2014,fonds préville
1389,Year 2014 (40% below median visits),2014,fonds préville
1390,Year 2014 (40% below median visits),2014,fonds préville
1391,Year 2014 (40% below median visits),2014,fonds préville
1392,Year 2014 (40% below median visits),2014,fonds préville
1393,Year 2014 (40% below median visits),2014,fonds préville
1394,Year 2014 (40% below median visits),2014,fonds préville
1395,Year 2014 (40% below median visits),2014,fonds préville
1396,Year 2014 (40% below median visits),2014,fonds préville
1397,Year 2014 (40% below median visits),2014,fonds préville
1398,Year 2014 (40% below median visits),2014,fonds préville
1399,Year 2014 (40% below median visits),2014,fonds préville
1400,Year 2014 (40% below median visits),2014,fonds préville
1401,Year 2014 (40% below median visits),2014,fonds préville
1402,Year 2014 (40% below median visits),2014,fonds préville
1403,Year 2014 (40% below median visits),2014,fonds préville
1404,Year 2014 (40% below median visits),2014,fonds préville
1405,Year 2014 (40% below median visits),2014,fonds préville
1406,Year 2014 (40% below median visits),2014,fonds préville
1407,Year 2014 (40% below median visits),2014,fonds préville
1408,Year 2014 (40% below median visits),2014,fonds préville
1409,Year 2014 (40% below median visits),2014,fonds préville
1410,Year 2014 (40% below median visits),2014,fonds préville
1411,Year 2014 (40% below median visits),2014,fonds préville
1412,Year 2014 (40% below median visits),2014,fonds préville
1413,Year 2014 (40% below median visits),2014,fonds préville
1414,Year 2014 (40% below median visits),2014,fonds préville
1415,Year 2014 (40% below median visits),2014,fonds préville
1416,Year 2014 (40% below median visits),2014,fonds préville
1417,Year 2014 (40% below median visits),2014,fonds préville
1418,Year 2014 (40% below median visits),2014,fonds préville
1419,Year 2014 (40% below median visits),2014,fonds préville
1420,Year 2014 (40% below median visits),2014,fonds préville
1421,Year 2014 (40% below median visits),2014,fonds préville
1422,Year 2014 (40% below median visits),2014,fonds préville
1423,Year 2014 (40% below median visits),2014,fonds préville
1424,Year 2014 (40% below median visits),2014,fonds préville
1425,Year 2014 (40% below median visits),2014,fonds préville
1426,Year 2014 (40% below median visits),2014,desmarinières
1427,Year 2014 (40% below median visits),2014,desmarinières
1428,Year 2014 (40% below median visits),2014,desmarinières
1429,Year 2014 (40% below median visits),2014,desmarinières
1430,Year 2014 (40% below median visits),2014,desmarinières
1431,Year 2014 (40% below median visits),2014,desmarinières
1432,Year 2014 (40% below median visits),2014,desmarinières
1433,Year 2014 (40% below median visits),2014,desmarinières
1434,Year 2014 (40% below median visits),2014,desmarinières
1435,Year 2014 (40% below median visits),2014,desmarinières
1436,Year 2014 (40% below median visits),2014,desmarinières
1437,Year 2014 (40% below median visits),2014,desmarinières
1438,Year 2014 (40% below median visits),2014,desmarinières
1439,Year 2014 (40% below median visits),2014,desmarinières
1440,Year 2014 (40% below median visits),2014,desmarinières
1441,Year 2014 (40% below median visits),2014,desmarinières
1442,Year 2014 (40% below median visits),2014,desmarinières
1443,Year 2014 (40% below median visits),2014,desmarinières
1444,Year 2014 (40% below median visits),2014,desmarinières
1445,Year 2014 (40% below median visits),2014,desmarinières
1446,Year 2014 (40% below median visits),2014,desmarinières
1447,Year 2014 (40% below median visits),2014,desmarinières
1448,Year 2014 (40% below median visits),2014,desmarinières
1449,Year 2014 (40% below median visits),2014,desmarinières
1450,Year 2014 (40% below median visits),2014,desmarinières
1451,Year 2014 (40% below median visits),2014,desmarinières
1452,Year 2014 (40% below median visits),2014,desmarinières
1453,Year 2014 (40% below median visits),2014,desmarinières
1454,Year 2014 (40% below median visits),2014,desmarinières
1455,Year 2014 (40% below median visits),2014,desmarinières
1456,Year 2014 (40% below median visits),2014,desmarinières
1457,Year 2014 (40% below median visits),2014,desmarinières
1458,Year 2014 (40% below median visits),2014,desmarinières
1459,Year 2014 (40% below median visits),2014,desmarinières
1460,Year 2014 (40% below median visits),2014,desmarinières
1461,Year 2014 (40% below median visits),2014,desmarinières
1462,Year 2014 (40% below median visits),2014,desmarinières
1463,Year 2014 (40% below median visits),2014,desmarinières
1464,Year 2014 (40% below median visits),2014,desmarinières
1465,Year 2014 (40% below median visits),2014,desmarinières
1466,Year 2014 (40% below median visits),2014,desmarinières
1467,Year 2014 (40% below median visits),2014,desmarinières
1468,Year 2014 (40% below median visits),2014,desmarinières
1469,Year 2014 (40% below median visits),2014,desmarinières
1470,Year 2014 (40% below median visits),2014,desmarinières
1471,Year 2014 (40% below median visits),2014,desmarinières
1472,Year 2014 (40% below median visits),2014,desmarinières
1473,Year 2014 (40% below median visits),2014,desmarinières
1474,Year 2014 (40% below median visits),2014,desmarinières
1475,Year 2014 (40% below median visits),2014,desmarinières
1476,Year 2014 (40% below median visits),2014,desmarinières
1477,Year 2014 (40% below median visits),2014,desmarinières
1478,Year 2014 (40% below median visits),2014,desmarinières
1479,Year 2014 (40% below median visits),2014,desmarinières
1480,Year 2014 (40% below median visits),2014,desmarinières
1481,Year 2014 (40% below median visits),2014,desmarinières
1482,Year 2014 (40% below median visits),2014,desmarinières
1483,Year 2014 (40% below median visits),2014,desmarinières
1484,Year 2014 (40% below median visits),2014,desmarinières
1485,Year 2014 (40% below median visits),2014,desmarinières
1486,Year 2014 (40% below median visits),2014,desmarinières
1487,Year 2014 (40% below median visits),2014,desmarinières
1488,Year 2014 (40% below median visits),2014,desmarinières
1489,Year 2014 (40% below median visits),2014,desmarinières
1490,Year 2014 (40% below median visits),2014,desmarinières
1491,Year 2014 (40% below median visits),2014,desmarinières
1492,Year 2014 (40% below median visits),2014,desmarinières
1493,Year 2014 (40% below median visits),2014,desmarinières
1494,Year 2014 (40% below median visits),2014,desmarinières
1495,Year 2014 (40% below median visits),2014,desmarinières
1496,Year 2014 (40% below median visits),2014,desmarinières
1497,Year 2014 (40% below median visits),2014,là-haut
1498,Year 2014 (40% below median visits),2014,là-haut
1499,Year 2014 (40% below median visits),2014,là-haut
1500,Year 2014 (40% below median visits),2014,là-haut
1501,Year 2014 (40% below median visits),2014,là-haut
1502,Year 2014 (40% below median visits),2014,là-haut
1503,Year 2014 (40% below median visits),2014,là-haut
1504,Year 2014 (40% below median visits),2014,là-haut
1505,Year 2014 (40% below median visits),2014,là-haut
1506,Year 2014 (40% below median visits),2014,là-haut
1507,Year 2014 (40% below median visits),2014,là-haut
1508,Year 2014 (40% below median visits),2014,là-haut
1509,Year 2014 (40% below median visits),2014,là-haut
1510,Year 2014 (40% below median visits),2014,là-haut
1511,Year 2014 (40% below median visits),2014,là-haut
1512,Year 2014 (40% below median visits),2014,là-haut
1513,Year 2014 (40% below median visits),2014,là-haut
1514,Year 2014 (40% below median visits),2014,là-haut
1515,Year 2014 (40% below median visits),2014,là-haut
1516,Year 2014 (40% below median visits),2014,là-haut
1517,Year 2014 (40% below median visits),2014,là-haut
1518,Year 2014 (40% below median visits),2014,là-haut
1519,Year 2014 (40% below median visits),2014,là-haut
1520,Year 2014 (40% below median visits),2014,là-haut
1521,Year 2014 (40% below median visits),2014,là-haut
1522,Year 2014 (40% below median visits),2014,là-haut
1523,Year 2014 (40% below median visits),2014,là-haut
1524,Year 2014 (40% below median visits),2014,là-haut
1525,Year 2014 (40% below median visits),2014,là-haut
1526,Year 2014 (40% below median visits),2014,là-haut
1527,Year 2014 (40% below median visits),2014,là-haut
1528,Year 2014 (40% below median visits),2014,là-haut
1529,Year 2014 (40% below median visits),2014,là-haut
1530,Year 2014 (40% below median visits),2014,là-haut
1531,Year 2014 (40% below median visits),2014,là-haut
1532,Year 2014 (40% below median visits),2014,là-haut
1533,Year 2014 (40% below median visits),2014,là-haut
1534,Year 2014 (40% below median visits),2014,là-haut
1535,Year 2014 (40% below median visits),2014,là-haut
1536,Year 2014 (40% below median visits),2014,là-haut
1537,Year 2014 (40% below median visits),2014,là-haut
1538,Year 2014 (40% below median visits),2014,là-haut
1539,Year 2014 (40% below median visits),2014,là-haut
1540,Year 2014 (40% below median visits),2014,là-haut
1541,Year 2014 (40% below median visits),2014,là-haut
1542,Year 2014 (40% below median visits),2014,là-haut
1543,Year 2014 (40% below median visits),2014,là-haut
1544,Year 2014 (40% below median visits),2014,là-haut
1545,Year 2014 (40% below median visits),2014,là-haut
1546,Year 2014 (40% below median visits),2014,là-haut
1547,Year 2014 (40% below median visits),2014,là-haut
1548,Year 2014 (40% below median visits),2014,là-haut
1549,Year 2014 (40% below median visits),2014,là-haut
1550,Year 2014 (40% below median visits),2014,là-haut
1551,Year 2014 (40% below median visits),2014,là-haut
1552,Year 2014 (40% below median visits),2014,là-haut
1553,Year 2014 (40% below median visits),2014,là-haut
1554,Year 2014 (40% below median visits),2014,là-haut
1555,Year 2014 (40% below median visits),2014,là-haut
1556,Year 2014 (40% below median visits),2014,là-haut
1557,Year 2014 (40% below median visits),2014,là-haut
1558,Year 2014 (40% below median visits),2014,là-haut
1559,Year 2014 (40% below median visits),2014,là-haut
1560,Year 2014 (40% below median visits),2014,là-haut
1561,Year 2014 (40% below median visits),2014,là-haut
1562,Year 2014 (40% below median visits),2014,là-haut
1563,Year 2014 (40% below median visits),2014,là-haut
1564,Year 2014 (40% below median visits),2014,là-haut
1565,Year 2014 (40% below median visits),2014,là-haut
1566,Year 2014 (40% below median visits),2014,là-haut
1567,Year 2014 (40% below median visits),2014,là-haut
1568,Year 2014 (40% below median visits),2014,là-haut
1569,Year 2014 (40% below median visits),2014,là-haut
1570,Year 2014 (40% below median visits),2014,là-haut
1571,Year 2014 (40% below median visits),2014,là-haut
1572,Year 2014 (40% below median visits),2014,desmarinières
1573,Year 2014 (40% below median visits),2014,desmarinières
1574,Year 2014 (40% below median visits),2014,desmarinières
1575,Year 2014 (40% below median visits),2014,desmarinières
1576,Year 2014 (40% below median visits),2014,desmarinières
1577,Year 2014 (40% below median visits),2014,desmarinières
1578,Year 2014 (40% below median visits),2014,desmarinières
1579,Year 2014 (40% below median visits),2014,desmarinières
1580,Year 2014 (40% below median visits),2014,desmarinières
1581,Year 2014 (40% below median visits),2014,desmarinières
1582,Year 2014 (40% below median visits),2014,desmarinières
1583,Year 2014 (40% below median visits),2014,desmarinières
1584,Year 2014 (40% below median visits),2014,desmarinières
1585,Year 2014 (40% below median visits),2014,desmarinières
1586,Year 2014 (40% below median visits),2014,desmarinières
1587,Year 2014 (40% below median visits),2014,desmarinières
1588,Year 2014 (40% below median visits),2014,desmarinières
1589,Year 2014 (40% below median visits),2014,desmarinières
1590,Year 2014 (40% below median visits),2014,desmarinières
1591,Year 2014 (40% below median visits),2014,desmarinières
1592,Year 2014 (40% below median visits),2014,desmarinières
1593,Year 2014 (40% below median visits),2014,desmarinières
1594,Year 2014 (40% below median visits),2014,desmarinières
1595,Year 2014 (40% below median visits),2014,desmarinières
1596,Year 2014 (40% below median visits),2014,desmarinières
1597,Year 2014 (40% below median visits),2014,desmarinières
1598,Year 2014 (40% below median visits),2014,desmarinières
1599,Year 2014 (40% below median visits),2014,desmarinières
1600,Year 2014 (40% below median visits),2014,desmarinières
1601,Year 2014 (40% below median visits),2014,desmarinières
1602,Year 2014 (40% below median visits),2014,desmarinières
1603,Year 2014 (40% below median visits),2014,desmarinières
1604,Year 2014 (40% below median visits),2014,desmarinières
1605,Year 2014 (40% below median visits),2014,desmarinières
1606,Year 2014 (40% below median visits),2014,desmarinières
1607,Year 2014 (40% below median visits),2014,desmarinières
1608,Year 2014 (40% below median visits),2014,desmarinières
1609,Year 2014 (40% below median visits),2014,desmarinières
1610,Year 2014 (40% below median visits),2014,desmarinières
1611,Year 2014 (40% below median visits),2014,desmarinières
1612,Year 2014 (40% below median visits),2014,desmarinières
1613,Year 2014 (40% below median visits),2014,desmarinières
1614,Year 2014 (40% below median visits),2014,desmarinières
1615,Year 2014 (40% below median visits),2014,desmarinières
1616,Year 2014 (40% below median visits),2014,desmarinières
1617,Year 2014 (40% below median visits),2014,desmarinières
1618,Year 2014 (40% below median visits),2014,desmarinières
1619,Year 2014 (40% below median visits),2014,desmarinières
1620,Year 2014 (40% below median visits),2014,desmarinières
1621,Year 2014 (40% below median visits),2014,desmarinières
1622,Year 2014 (40% below median visits),2014,desmarinières
1623,Year 2014 (40% below median visits),2014,desmarinières
1624,Year 2014 (40% below median visits),2014,desmarinières
1625,Year 2014 (40% below median visits),2014,desmarinières
1626,Year 2014 (40% below median visits),2014,desmarinières
1627,Year 2014 (40% below median visits),2014,desmarinières
1628,Year 2014 (40% below median visits),2014,desmarinières
1629,Year 2014 (40% below median visits),2014,desmarinières
1630,Year 2014 (40% below median visits),2014,desmarinières
1631,Year 2014 (40% below median visits),2014,desmarinières
1632,Year 2014 (40% below median visits),2014,desmarinières
1633,Year 2014 (40% below median visits),2014,desmarinières
1634,Year 2014 (40% below median visits),2014,desmarinières
1635,Year 2014 (40% below median visits),2014,desmarinières
1636,Year 2014 (40% below median visits),2014,desmarinières
1637,Year 2014 (40% below median visits),2014,desmarinières
1638,Year 2014 (40% below median visits),2014,desmarinières
1639,Year 2014 (40% below median visits),2014,desmarinières
1640,Year 2014 (40% below median visits),2014,desmarinières
1641,Year 2014 (40% below median visits),2014,desmarinières
1642,Year 2014 (40% below median visits),2014,desmarinières
1643,Year 2014 (40% below median visits),2014,desmarinières
1644,Year 2014 (40% below median visits),2014,desmarinières
1645,Year 2014 (40% below median visits),2014,desmarinières
1646,Year 2014 (40% below median visits),2014,desmarinières
1647,Year 2014 (40% below median visits),2014,desmarinières
1648,Year 2014 (40% below median visits),2014,desmarinières
1649,Year 2014 (40% below median visits),2014,là-haut
1650,Year 2014 (40% below median visits),2014,là-haut
1651,Year 2014 (40% below median visits),2014,là-haut
1652,Year 2014 (40% below median visits),2014,là-haut
1653,Year 2014 (40% below median visits),2014,là-haut
1654,Year 2014 (40% below median visits),2014,là-haut
1655,Year 2014 (40% below median visits),2014,là-haut
1656,Year 2014 (40% below median visits),2014,là-haut
1657,Year 2014 (40% below median visits),2014,là-haut
1658,Year 2014 (40% below median visits),2014,là-haut
1659,Year 2014 (40% below median visits),2014,là-haut
1660,Year 2014 (40% below median visits),2014,là-haut
1661,Year 2014 (40% below median visits),2014,là-haut
1662,Year 2014 (40% below median visits),2014,là-haut
1663,Year 2014 (40% below median visits),2014,là-haut
1664,Year 2014 (40% below median visits),2014,là-haut
1665,Year 2014 (40% below median visits),2014,là-haut
1666,Year 2014 (40% below median visits),2014,là-haut
1667,Year 2014 (40% below median visits),2014,là-haut
1668,Year 2014 (40% below median visits),2014,là-haut
1669,Year 2014 (40% below median visits),2014,là-haut
1670,Year 2014 (40% below median visits),2014,là-haut
1671,Year 2014 (40% below median visits),2014,là-haut
1672,Year 2014 (40% below median visits),2014,là-haut
1673,Year 2014 (40% below median visits),2014,là-haut
1674,Year 2014 (40% below median visits),2014,là-haut
1675,Year 2014 (40% below median visits),2014,là-haut
1676,Year 2014 (40% below median visits),2014,là-haut
1677,Year 2014 (40% below median visits),2014,là-haut
1678,Year 2014 (40% below median visits),2014,là-haut
1679,Year 2014 (40% below median visits),2014,là-haut
1680,Year 2014 (40% below median visits),2014,là-haut
1681,Year 2014 (40% below median visits),2014,là-haut
1682,Year 2014 (40% below median visits),2014,là-haut
1683,Year 2014 (40% below median visits),2014,là-haut
1684,Year 2014 (40% below median visits),2014,là-haut
1685,Year 2014 (40% below median visits),2014,là-haut
1686,Year 2014 (40% below median visits),2014,là-haut
1687,Year 2014 (40% below median visits),2014,là-haut
1688,Year 2014 (40% below median visits),2014,là-haut
1689,Year 2014 (40% below median visits),2014,là-haut
1690,Year 2014 (40% below median visits),2014,là-haut
1691,Year 2014 (40% below median visits),2014,là-haut
1692,Year 2014 (40% below median visits),2014,là-haut
1693,Year 2014 (40% below median visits),2014,là-haut
1694,Year 2014 (40% below median visits),2014,là-haut
1695,Year 2014 (40% below median visits),2014,là-haut
1696,Year 2014 (40% below median visits),2014,là-haut
1697,Year 2014 (40% below median visits),2014,là-haut
1698,Year 2014 (40% below median visits),2014,là-haut
1699,Year 2014 (40% below median visits),2014,là-haut
1700,Year 2014 (40% below median visits),2014,là-haut
1701,Year 2014 (40% below median visits),2014,là-haut
1702,Year 2014 (40% below median visits),2014,là-haut
1703,Year 2014 (40% below median visits),2014,là-haut
1704,Year 2014 (40% below median visits),2014,là-haut
1705,Year 2014 (40% below median visits),2014,là-haut
1706,Year 2014 (40% below median visits),2014,là-haut
1707,Year 2014 (40% below median visits),2014,là-haut
1708,Year 2014 (40% below median visits),2014,là-haut
1709,Year 2014 (40% below median visits),2014,là-haut
1710,Year 2014 (40% below median visits),2014,là-haut
1711,Year 2014 (40% below median visits),2014,là-haut
1712,Year 2014 (40% below median visits),2014,là-haut
1713,Year 2014 (40% below median visits),2014,là-haut
1714,Year 2014 (40% below median visits),2014,là-haut
1715,Year 2014 (40% below median visits),2014,là-haut
1716,Year 2014 (40% below median visits),2014,là-haut
1717,Year 2014 (40% below median visits),2014,là-haut
1718,Year 2014 (40% below median visits),2014,là-haut
1719,Year 2014 (40% below median visits),2014,là-haut
1720,Year 2014 (40% below median visits),2014,là-haut
1721,Year 2014 (40% below median visits),2014,là-haut
1722,Year 2014 (40% below median visits),2014,là-haut
1723,Year 2014 (40% below median visits),2014,là-haut
1724,Year 2014 (40% below median visits),2014,là-haut
1725,Year 2014 (40% below median visits),2014,là-haut
1726,Year 2014 (40% below median visits),2014,morne gardier
1727,Year 2014 (40% below median visits),2014,morne gardier
1728,Year 2014 (40% below median visits),2014,morne gardier
1729,Year 2014 (40% below median visits),2014,morne gardier
1730,Year 2014 (40% below median visits),2014,morne gardier
1731,Year 2014 (40% below median visits),2014,morne gardier
1732,Year 2014 (40% below median visits),2014,morne gardier
1733,Year 2014 (40% below median visits),2014,morne gardier
1734,Year 2014 (40% below median visits),2014,morne gardier
1735,Year 2014 (40% below median visits),2014,morne gardier
1736,Year 2014 (40% below median visits),2014,morne gardier
1737,Year 2014 (40% below median visits),2014,morne gardier
1738,Year 2014 (40% below median visits),2014,morne gardier
1739,Year 2014 (40% below median visits),2014,morne gardier
1740,Year 2014 (40% below median visits),2014,morne gardier
1741,Year 2014 (40% below median visits),2014,morne gardier
1742,Year 2014 (40% below median visits),2014,morne gardier
1743,Year 2014 (40% below median visits),2014,morne gardier
1744,Year 2014 (40% below median visits),2014,morne gardier
1745,Year 2014 (40% below median visits),2014,morne gardier
1746,Year 2014 (40% below median visits),2014,morne gardier
1747,Year 2014 (40% below median visits),2014,morne gardier
1748,Year 2014 (40% below median visits),2014,morne gardier
1749,Year 2014 (40% below median visits),2014,morne gardier
1750,Year 2014 (40% below median visits),2014,morne gardier
1751,Year 2014 (40% below median visits),2014,morne gardier
1752,Year 2014 (40% below median visits),2014,morne gardier
1753,Year 2014 (40% below median visits),2014,morne gardier
1754,Year 2014 (40% below median visits),2014,morne gardier
1755,Year 2014 (40% below median visits),2014,morne gardier
1756,Year 2014 (40% below median visits),2014,morne gardier
1757,Year 2014 (40% below median visits),2014,morne gardier
1758,Year 2014 (40% below median visits),2014,morne gardier
1759,Year 2014 (40% below median visits),2014,morne gardier
1760,Year 2014 (40% below median visits),2014,morne gardier
1761,Year 2014 (40% below median visits),2014,morne gardier
1762,Year 2014 (40% below median visits),2014,morne gardier
1763,Year 2014 (40% below median visits),2014,morne gardier
1764,Year 2014 (40% below median visits),2014,morne gardier
1765,Year 2014 (40% below median visits),2014,morne gardier
1766,Year 2014 (40% below median visits),2014,morne gardier
1767,Year 2014 (40% below median visits),2014,morne gardier
1768,Year 2014 (40% below median visits),2014,morne gardier
1769,Year 2014 (40% below median visits),2014,morne gardier
1770,Year 2014 (40% below median visits),2014,morne gardier
1771,Year 2014 (40% below median visits),2014,morne gardier
1772,Year 2014 (40% below median visits),2014,morne gardier
1773,Year 2014 (40% below median visits),2014,morne gardier
1774,Year 2014 (40% below median visits),2014,morne gardier
1775,Year 2014 (40% below median visits),2014,morne gardier
1776,Year 2014 (40% below median visits),2014,morne gardier
1777,Year 2014 (40% below median visits),2014,morne gardier
1778,Year 2014 (40% below median visits),2014,morne gardier
1779,Year 2014 (40% below median visits),2014,morne gardier
1780,Year 2014 (40% below median visits),2014,morne gardier
1781,Year 2014 (40% below median visits),2014,morne gardier
1782,Year 2014 (40% below median visits),2014,morne gardier
1783,Year 2014 (40% below median visits),2014,morne gardier
1784,Year 2014 (40% below median visits),2014,morne gardier
1785,Year 2014 (40% below median visits),2014,morne gardier
1786,Year 2014 (40% below median visits),2014,morne gardier
1787,Year 2014 (40% below median visits),2014,morne gardier
1788,Year 2014 (40% below median visits),2014,morne gardier
1789,Year 2014 (40% below median visits),2014,morne gardier
1790,Year 2014 (40% below median visits),2014,morne gardier
1791,Year 2014 (40% below median visits),2014,morne gardier
1792,Year 2014 (40% below median visits),2014,morne gardier
1793,Year 2014 (40% below median visits),2014,morne gardier
1794,Year 2014 (40% below median visits),2014,morne gardier
1795,Year 2014 (40% below median visits),2014,bois la charles
1796,Year 2014 (40% below median visits),2014,bois la charles
1797,Year 2014 (40% below median visits),2014,bois la charles
1798,Year 2014 (40% below median visits),2014,bois la charles
1799,Year 2014 (40% below median visits),2014,bois la charles
1800,Year 2014 (40% below median visits),2014,bois la charles
1801,Year 2014 (40% below median visits),2014,bois la charles
1802,Year 2014 (40% below median visits),2014,bois la charles
1803,Year 2014 (40% below median visits),2014,bois la charles
1804,Year 2014 (40% below median visits),2014,bois la charles
1805,Year 2014 (40% below median visits),2014,bois la charles
1806,Year 2014 (40% below median visits),2014,bois la charles
1807,Year 2014 (40% below median visits),2014,bois la charles
1808,Year 2014 (40% below median visits),2014,bois la charles
1809,Year 2014 (40% below median visits),2014,bois la charles
1810,Year 2014 (40% below median visits),2014,bois la charles
1811,Year 2014 (40% below median visits),2014,bois la charles
1812,Year 2014 (40% below median visits),2014,bois la charles
1813,Year 2014 (40% below median visits),2014,bois la charles
1814,Year 2014 (40% below median visits),2014,bois la charles
1815,Year 2014 (40% below median visits),2014,bois la charles
1816,Year 2014 (40% below median visits),2014,bois la charles
1817,Year 2014 (40% below median visits),2014,bois la charles
1818,Year 2014 (40% below median visits),2014,bois la charles
1819,Year 2014 (40% below median visits),2014,bois la charles
1820,Year 2014 (40% below median visits),2014,bois la charles
1821,Year 2014 (40% below median visits),2014,bois la charles
1822,Year 2014 (40% below median visits),2014,bois la charles
1823,Year 2014 (40% below median visits),2014,bois la charles
1824,Year 2014 (40% below median visits),2014,bois la charles
1825,Year 2014 (40% below median visits),2014,bois la charles
1826,Year 2014 (40% below median visits),2014,bois la charles
1827,Year 2014 (40% below median visits),2014,bois la charles
1828,Year 2014 (40% below median visits),2014,bois la charles
1829,Year 2014 (40% below median visits),2014,bois la charles
1830,Year 2014 (40% below median visits),2014,bois la charles
1831,Year 2014 (40% below median visits),2014,bois la charles
1832,Year 2014 (40% below median visits),2014,bois la charles
1833,Year 2014 (40% below median visits),2014,bois la charles
1834,Year 2014 (40% below median visits),2014,bois la charles
1835,Year 2014 (40% below median visits),2014,bois la charles
1836,Year 2014 (40% below median visits),2014,bois la charles
1837,Year 2014 (40% below median visits),2014,bois la charles
1838,Year 2014 (40% below median visits),2014,bois la charles
1839,Year 2014 (40% below median visits),2014,bois la charles
1840,Year 2014 (40% below median visits),2014,bois la charles
1841,Year 2014 (40% below median visits),2014,bois la charles
1842,Year 2014 (40% below median visits),2014,bois la charles
1843,Year 2014 (40% below median visits),2014,bois la charles
1844,Year 2014 (40% below median visits),2014,bois la charles
1845,Year 2014 (40% below median visits),2014,bois la charles
1846,Year 2014 (40% below median visits),2014,bois la charles
1847,Year 2014 (40% below median visits),2014,bois la charles
1848,Year 2014 (40% below median visits),2014,bois la charles
1849,Year 2014 (40% below median visits),2014,bois la charles
1850,Year 2014 (40% below median visits),2014,bois la charles
1851,Year 2014 (40% below median visits),2014,bois la charles
1852,Year 2014 (40% below median visits),2014,bois la charles
1853,Year 2014 (40% below median visits),2014,bois la charles
1854,Year 2014 (40% below median visits),2014,bois la charles
1855,Year 2014 (40% below median visits),2014,bois la charles
1856,Year 2014 (40% below median visits),2014,autre bord
1857,Year 2014 (40% below median visits),2014,autre bord
1858,Year 2014 (40% below median visits),2014,autre bord
1859,Year 2014 (40% below median visits),2014,autre bord
1860,Year 2014 (40% below median visits),2014,autre bord
1861,Year 2014 (40% below median visits),2014,autre bord
1862,Year 2014 (40% below median visits),2014,autre bord
1863,Year 2014 (40% below median visits),2014,autre bord
1864,Year 2014 (40% below median visits),2014,autre bord
1865,Year 2014 (40% below median visits),2014,autre bord
1866,Year 2014 (40% below median visits),2014,autre bord
1867,Year 2014 (40% below median visits),2014,autre bord
1868,Year 2014 (40% below median visits),2014,autre bord
1869,Year 2014 (40% below median visits),2014,autre bord
1870,Year 2014 (40% below median visits),2014,autre bord
1871,Year 2014 (40% below median visits),2014,autre bord
1872,Year 2014 (40% below median visits),2014,autre bord
1873,Year 2014 (40% below median visits),2014,autre bord
1874,Year 2014 (40% below median visits),2014,autre bord
1875,Year 2014 (40% below median visits),2014,autre bord
1876,Year 2014 (40% below median visits),2014,autre bord
1877,Year 2014 (40% below median visits),2014,autre bord
1878,Year 2014 (40% below median visits),2014,autre bord
1879,Year 2014 (40% below median visits),2014,autre bord
1880,Year 2014 (40% below median visits),2014,autre bord
1881,Year 2014 (40% below median visits),2014,autre bord
1882,Year 2014 (40% below median visits),2014,autre bord
1883,Year 2014 (40% below median visits),2014,autre bord
1884,Year 2014 (40% below median visits),2014,autre bord
1885,Year 2014 (40% below median visits),2014,autre bord
1886,Year 2014 (40% below median visits),2014,autre bord
1887,Year 2014 (40% below median visits),2014,autre bord
1888,Year 2014 (40% below median visits),2014,autre bord
1889,Year 2014 (40% below median visits),2014,autre bord
1890,Year 2014 (40% below median visits),2014,autre bord
1891,Year 2014 (40% below median visits),2014,autre bord
1892,Year 2014 (40% below median visits),2014,autre bord
1893,Year 2014 (40% below median visits),2014,autre bord
1894,Year 2014 (40% below median visits),2014,autre bord
1895,Year 2014 (40% below median visits),2014,autre bord
1896,Year 2014 (40% below median visits),2014,autre bord
1897,Year 2014 (40% below median visits),2014,autre bord
1898,Year 2014 (40% below median visits),2014,autre bord
1899,Year 2014 (40% below median visits),2014,autre bord
1900,Year 2014 (40% below median visits),2014,autre bord
1901,Year 2014 (40% below median visits),2014,autre bord
1902,Year 2014 (40% below median visits),2014,autre bord
1903,Year 2014 (40% below median visits),2014,autre bord
1904,Year 2014 (40% below median visits),2014,autre bord
1905,Year 2014 (40% below median visits),2014,autre bord
1906,Year 2014 (40% below median visits),2014,autre bord
1907,Year 2014 (40% below median visits),2014,autre bord
1908,Year 2014 (40% below median visits),2014,autre bord
1909,Year 2014 (40% below median visits),2014,autre bord
1910,Year 2014 (40% below median visits),2014,autre bord
1911,Year 2014 (40% below median visits),2014,autre bord
1912,Year 2014 (40% below median visits),2014,autre bord
1913,Year 2014 (40% below median visits),2014,autre bord
1914,Year 2014 (40% below median visits),2014,autre bord
1915,Year 2014 (40% below median visits),2014,autre bord
1916,Year 2014 (40% below median visits),2014,autre bord
1917,Year 2014 (40% below median visits),2014,autre bord
1918,Year 2014 (40% below median visits),2014,autre bord
1919,Year 2014 (40% below median visits),2014,autre bord
1920,Year 2014 (40% below median visits),2014,autre bord
1921,Year 2014 (40% below median visits),2014,autre bord
1922,Year 2014 (40% below median visits),2014,autre bord
1923,Year 2014 (40% below median visits),2014,autre bord
1924,Year 2014 (40% below median visits),2014,autre bord
1925,Year 2014 (40% below median visits),2014,autre bord
1926,Year 2014 (40% below median visits),2014,autre bord
1927,Year 2014 (40% below median visits),2014,autre bord
1928,Year 2014 (40% below median visits),2014,autre bord
1929,Year 2014 (40% below median visits),2014,autre bord
1930,Year 2014 (40% below median visits),2014,autre bord
1931,Year 2014 (40% below median visits),2014,autre bord
1932,Year 2014 (40% below median visits),2014,autre bord
1933,Year 2014 (40% below median visits),2014,autre bord
1934,Year 2014 (40% below median visits),2014,autre bord
1935,Year 2014 (40% below median visits),2014,autre bord
1936,Year 2014 (40% below median visits),2014,galion
1937,Year 2014 (40% below median visits),2014,galion
1938,Year 2014 (40% below median visits),2014,galion
1939,Year 2014 (40% below median visits),2014,galion
1940,Year 2014 (40% below median visits),2014,galion
1941,Year 2014 (40% below median visits),2014,galion
1942,Year 2014 (40% below median visits),2014,galion
1943,Year 2014 (40% below median visits),2014,galion
1944,Year 2014 (40% below median visits),2014,galion
1945,Year 2014 (40% below median visits),2014,galion
1946,Year 2014 (40% below median visits),2014,galion
1947,Year 2014 (40% below median visits),2014,galion
1948,Year 2014 (40% below median visits),2014,galion
1949,Year 2014 (40% below median visits),2014,galion
1950,Year 2014 (40% below median visits),2014,galion
1951,Year 2014 (40% below median visits),2014,galion
1952,Year 2014 (40% below median visits),2014,galion
1953,Year 2014 (40% below median visits),2014,galion
1954,Year 2014 (40% below median visits),2014,galion
1955,Year 2014 (40% below median visits),2014,galion
1956,Year 2014 (40% below median visits),2014,galion
1957,Year 2014 (40% below median visits),2014,galion
1958,Year 2014 (40% below median visits),2014,galion
1959,Year 2014 (40% below median visits),2014,galion
1960,Year 2014 (40% below median visits),2014,galion
1961,Year 2014 (40% below median visits),2014,galion
1962,Year 2014 (40% below median visits),2014,galion
1963,Year 2014 (40% below median visits),2014,galion
1964,Year 2014 (40% below median visits),2014,galion
1965,Year 2014 (40% below median visits),2014,galion
1966,Year 2014 (40% below median visits),2014,galion
1967,Year 2014 (40% below median visits),2014,galion
1968,Year 2014 (40% below median visits),2014,galion
1969,Year 2014 (40% below median visits),2014,galion
1970,Year 2014 (40% below median visits),2014,galion
1971,Year 2014 (40% below median visits),2014,galion
1972,Year 2014 (40% below median visits),2014,galion
1973,Year 2014 (40% below median visits),2014,galion
1974,Year 2014 (40% below median visits),2014,galion
1975,Year 2014 (40% below median visits),2014,galion
1976,Year 2014 (40% below median visits),2014,galion
1977,Year 2014 (40% below median visits),2014,galion
1978,Year 2014 (40% below median visits),2014,galion
1979,Year 2014 (40% below median visits),2014,morne cabri
1980,Year 2014 (40% below median visits),2014,morne cabri
1981,Year 2014 (40% below median visits),2014,morne cabri
1982,Year 2014 (40% below median visits),2014,morne cabri
1983,Year 2014 (40% below median visits),2014,morne cabri
1984,Year 2014 (40% below median visits),2014,morne cabri
1985,Year 2014 (40% below median visits),2014,morne cabri
1986,Year 2014 (40% below median visits),2014,morne cabri
1987,Year 2014 (40% below median visits),2014,morne cabri
1988,Year 2014 (40% below median visits),2014,morne cabri
1989,Year 2014 (40% below median visits),2014,morne cabri
1990,Year 2014 (40% below median visits),2014,morne cabri
1991,Year 2014 (40% below median visits),2014,morne cabri
1992,Year 2014 (40% below median visits),2014,morne cabri
1993,Year 2014 (40% below median visits),2014,morne cabri
1994,Year 2014 (40% below median visits),2014,morne cabri
1995,Year 2014 (40% below median visits),2014,morne cabri
1996,Year 2014 (40% below median visits),2014,morne cabri
1997,Year 2014 (40% below median visits),2014,morne cabri
1998,Year 2014 (40% below median visits),2014,morne cabri
1999,Year 2014 (40% below median visits),2014,morne cabri
2000,Year 2014 (40% below median visits),2014,morne cabri
2001,Year 2014 (40% below median visits),2014,morne cabri
2002,Year 2014 (40% below median visits),2014,morne cabri
2003,Year 2014 (40% below median visits),2014,morne cabri
2004,Year 2014 (40% below median visits),2014,morne cabri
2005,Year 2014 (40% below median visits),2014,morne cabri
2006,Year 2014 (40% below median visits),2014,morne cabri
2007,Year 2014 (40% below median visits),2014,morne cabri
2008,Year 2014 (40% below median visits),2014,morne cabri
2009,Year 2014 (40% below median visits),2014,morne cabri
2010,Year 2014 (40% below median visits),2014,morne cabri
2011,Year 2014 (40% below median visits),2014,morne cabri
2012,Year 2014 (40% below median visits),2014,morne cabri
2013,Year 2014 (40% below median visits),2014,morne cabri
2014,Year 2014 (40% below median visits),2014,morne cabri
2015,Year 2014 (40% below median visits),2014,morne cabri
2016,Year 2014 (40% below median visits),2014,morne cabri
2017,Year 2014 (40% below median visits),2014,morne cabri
2018,Year 2014 (40% below median visits),2014,morne cabri
2019,Year 2014 (40% below median visits),2014,morne cabri
2020,Year 2014 (40% below median visits),2014,morne cabri
2021,Year 2014 (40% below median visits),2014,morne cabri
2022,Year 2014 (40% below median visits),2014,morne cabri
2023,Year 2014 (40% below median visits),2014,morne cabri
2024,Year 2014 (40% below median visits),2014,morne cabri
2025,Year 2014 (40% below median visits),2014,morne cabri
2026,Year 2014 (40% below median visits),2014,morne cabri
2027,Year 2014 (40% below median visits),2014,morne cabri
2028,Year 2014 (40% below median visits),2014,morne cabri
2029,Year 2014 (40% below median visits),2014,morne cabri
2030,Year 2014 (40% below median visits),2014,morne cabri
2031,Year 2014 (40% below median visits),2014,morne cabri
2032,Year 2014 (40% below median visits),2014,morne cabri
2033,Year 2014 (40% below median visits),2014,morne cabri
2034,Year 2014 (40% below median visits),2014,morne cabri
2035,Year 2014 (40% below median visits),2014,morne cabri
2036,Year 2014 (40% below median visits),2014,morne cabri
2037,Year 2014 (40% below median visits),2014,morne cabri
2038,Year 2014 (40% below median visits),2014,morne cabri
2039,Year 2014 (40% below median visits),2014,morne cabri
2040,Year 2014 (40% below median visits),2014,morne cabri
2041,Year 2014 (40% below median visits),2014,morne cabri
2042,Year 2014 (40% below median visits),2014,morne cabri
2043,Year 2014 (40% below median visits),2014,morne cabri
2044,Year 2014 (40% below median visits),2014,morne cabri
2045,Year 2014 (40% below median visits),2014,morne cabri
2046,Year 2014 (40% below median visits),2014,morne cabri
2047,Year 2014 (40% below median visits),2014,morne cabri
2048,Year 2014 (40% below median visits),2014,morne cabri
2049,Year 2014 (40% below median visits),2014,morne cabri
2050,Year 2014 (40% below median visits),2014,morne cabri
2051,Year 2014 (40% below median visits),2014,morne cabri
2052,Year 2014 (40% below median visits),2014,morne cabri
2053,Year 2014 (40% below median visits),2014,morne cabri
2054,Year 2014 (40% below median visits),2014,morne cabri
2055,Year 2014 (40% below median visits),2014,morne cabri
2056,Year 2014 (40% below median visits),2014,morne cabri
2057,Year 2014 (40% below median visits),2014,morne cabri
2058,Year 2014 (40% below median visits),2014,morne cabri
2059,Year 2014 (40% below median visits),2014,morne cabri
2060,Year 2014 (40% below median visits),2014,morne cabri
2061,Year 2014 (40% below median visits),2014,morne cabri
2062,Year 2014 (40% below median visits),2014,morne cabri
2063,Year 2014 (40% below median visits),2014,morne cabri
2064,Year 2014 (40% below median visits),2014,morne cabri
2065,Year 2014 (40% below median visits),2014,morne cabri
2066,Year 2014 (40% below median visits),2014,morne cabri
2067,Year 2014 (40% below median visits),2014,morne cabri
2068,Year 2014 (40% below median visits),2014,morne cabri
2069,Year 2014 (40% below median visits),2014,morne cabri
2070,Year 2014 (40% below median visits),2014,morne cabri
2071,Year 2014 (40% below median visits),2014,morne cabri
2072,Year 2014 (40% below median visits),2014,morne cabri
2073,Year 2014 (40% below median visits),2014,morne cabri
2074,Year 2014 (40% below median visits),2014,morne cabri
2075,Year 2014 (40% below median visits),2014,morne cabri
2076,Year 2014 (40% below median visits),2014,morne cabri
2077,Year 2014 (40% below median visits),2014,morne cabri
2078,Year 2014 (40% below median visits),2014,morne cabri
2079,Year 2014 (40% below median visits),2014,morne cabri
2080,Year 2014 (40% below median visits),2014,morne cabri
2081,Year 2014 (40% below median visits),2014,morne cabri
2082,Year 2014 (40% below median visits),2014,morne cabri
2083,Year 2014 (40% below median visits),2014,morne cabri
2084,Year 2014 (40% below median visits),2014,morne cabri
2085,Year 2014 (40% below median visits),2014,morne cabri
2086,Year 2014 (40% below median visits),2014,morne cabri
2087,Year 2014 (40% below median visits),2014,morne cabri
2088,Year 2014 (40% below median visits),2014,morne cabri
2089,Year 2014 (40% below median visits),2014,morne cabri
2090,Year 2014 (40% below median visits),2014,morne cabri
2091,Year 2014 (40% below median visits),2014,morne cabri
2092,Year 2014 (40% below median visits),2014,morne cabri
2093,Year 2014 (40% below median visits),2014,morne cabri
2094,Year 2014 (40% below median visits),2014,morne cabri
2095,Year 2014 (40% below median visits),2014,morne cabri
2096,Year 2014 (40% below median visits),2014,morne cabri
2097,Year 2014 (40% below median visits),2014,morne cabri
2098,Year 2014 (40% below median visits),2014,morne cabri
2099,Year 2014 (40% below median visits),2014,morne cabri
2100,Year 2014 (40% below median visits),2014,morne cabri
2101,Year 2014 (40% below median visits),2014,morne cabri
2102,Year 2014 (40% below median visits),2014,morne cabri
2103,Year 2014 (40% below median visits),2014,morne cabri
2104,Year 2014 (40% below median visits),2014,morne cabri
2105,Year 2014 (40% below median visits),2014,morne cabri
2106,Year 2014 (40% below median visits),2014,morne cabri
2107,Year 2014 (40% below median visits),2014,morne cabri
2108,Year 2014 (40% below median visits),2014,autre bord
2109,Year 2014 (40% below median visits),2014,autre bord
2110,Year 2014 (40% below median visits),2014,autre bord
2111,Year 2014 (40% below median visits),2014,autre bord
2112,Year 2014 (40% below median visits),2014,autre bord
2113,Year 2014 (40% below median visits),2014,autre bord
2114,Year 2014 (40% below median visits),2014,autre bord
2115,Year 2014 (40% below median visits),2014,autre bord
2116,Year 2014 (40% below median visits),2014,autre bord
2117,Year 2014 (40% below median visits),2014,autre bord
2118,Year 2014 (40% below median visits),2014,autre bord
2119,Year 2014 (40% below median visits),2014,autre bord
2120,Year 2014 (40% below median visits),2014,autre bord
2121,Year 2014 (40% below median visits),2014,autre bord
2122,Year 2014 (40% below median visits),2014,autre bord
2123,Year 2014 (40% below median visits),2014,autre bord
2124,Year 2014 (40% below median visits),2014,autre bord
2125,Year 2014 (40% below median visits),2014,autre bord
2126,Year 2014 (40% below median visits),2014,autre bord
2127,Year 2014 (40% below median visits),2014,autre bord
2128,Year 2014 (40% below median visits),2014,autre bord
2129,Year 2014 (40% below median visits),2014,autre bord
2130,Year 2014 (40% below median visits),2014,autre bord
2131,Year 2014 (40% below median visits),2014,autre bord
2132,Year 2014 (40% below median visits),2014,autre bord
2133,Year 2014 (40% below median visits),2014,autre bord
2134,Year 2014 (40% below median visits),2014,autre bord
2135,Year 2014 (40% below median visits),2014,autre bord
2136,Year 2014 (40% below median visits),2014,autre bord
2137,Year 2014 (40% below median visits),2014,autre bord
2138,Year 2014 (40% below median visits),2014,autre bord
2139,Year 2014 (40% below median visits),2014,autre bord
2140,Year 2014 (40% below median visits),2014,autre bord
2141,Year 2014 (40% below median visits),2014,autre bord
2142,Year 2014 (40% below median visits),2014,autre bord
2143,Year 2014 (40% below median visits),2014,autre bord
2144,Year 2014 (40% below median visits),2014,autre bord
2145,Year 2014 (40% below median visits),2014,autre bord
2146,Year 2014 (40% below median visits),2014,autre bord
2147,Year 2014 (40% below median visits),2014,autre bord
2148,Year 2014 (40% below median visits),2014,autre bord
2149,Year 2014 (40% below median visits),2014,autre bord
2150,Year 2014 (40% below median visits),2014,autre bord
2151,Year 2014 (40% below median visits),2014,autre bord
2152,Year 2014 (40% below median visits),2014,autre bord
2153,Year 2014 (40% below median visits),2014,autre bord
2154,Year 2014 (40% below median visits),2014,autre bord
2155,Year 2014 (40% below median visits),2014,autre bord
2156,Year 2014 (40% below median visits),2014,autre bord
2157,Year 2014 (40% below median visits),2014,autre bord
2158,Year 2014 (40% below median visits),2014,autre bord
2159,Year 2014 (40% below median visits),2014,autre bord
2160,Year 2014 (40% below median visits),2014,autre bord
2161,Year 2014 (40% below median visits),2014,autre bord
2162,Year 2014 (40% below median visits),2014,autre bord
2163,Year 2014 (40% below median visits),2014,autre bord
2164,Year 2014 (40% below median visits),2014,autre bord
2165,Year 2014 (40% below median visits),2014,autre bord
2166,Year 2014 (40% below median visits),2014,autre bord
2167,Year 2014 (40% below median visits),2014,autre bord
2168,Year 2014 (40% below median visits),2014,autre bord
2169,Year 2014 (40% below median visits),2014,autre bord
2170,Year 2014 (40% below median visits),2014,autre bord
2171,Year 2014 (40% below median visits),2014,autre bord
2172,Year 2014 (40% below median visits),2014,autre bord
2173,Year 2014 (40% below median visits),2014,autre bord
2174,Year 2014 (40% below median visits),2014,autre bord
2175,Year 2014 (40% below median visits),2014,autre bord
2176,Year 2014 (40% below median visits),2014,autre bord
2177,Year 2014 (40% below median visits),2014,autre bord
2178,Year 2014 (40% below median visits),2014,autre bord
2179,Year 2014 (40% below median visits),2014,autre bord
2180,Year 2014 (40% below median visits),2014,autre bord
2181,Year 2014 (40% below median visits),2014,autre bord
2182,Year 2014 (40% below median visits),2014,autre bord
2183,Year 2014 (40% below median visits),2014,autre bord
2184,Year 2014 (40% below median visits),2014,autre bord
2185,Year 2014 (40% below median visits),2014,autre bord
2186,Year 2014 (40% below median visits),2014,autre bord
2187,Year 2014 (40% below median visits),2014,autre bord
2188,Year 2014 (40% below median visits),2014,autre bord
2189,Year 2014 (40% below median visits),2014,autre bord
2190,Year 2014 (40% below median visits),2014,autre bord
2191,Year 2014 (40% below median visits),2014,autre bord
2192,Year 2014 (40% below median visits),2014,autre bord
2193,Year 2014 (40% below median visits),2014,autre bord
2194,Year 2014 (40% below median visits),2014,autre bord
2195,Year 2014 (40% below median visits),2014,autre bord
2196,Year 2014 (40% below median visits),2014,autre bord
2197,Year 2014 (40% below median visits),2014,autre bord
2198,Year 2014 (40% below median visits),2014,autre bord
2199,Year 2014 (40% below median visits),2014,autre bord
2200,Year 2014 (40% below median visits),2014,autre bord
2201,Year 2014 (40% below median visits),2014,autre bord
2202,Year 2014 (40% below median visits),2014,autre bord
2203,Year 2014 (40% below median visits),2014,autre bord
2204,Year 2014 (40% below median visits),2014,galion
2205,Year 2014 (40% below median visits),2014,galion
2206,Year 2014 (40% below median visits),2014,galion
2207,Year 2014 (40% below median visits),2014,galion
2208,Year 2014 (40% below median visits),2014,galion
2209,Year 2014 (40% below median visits),2014,galion
2210,Year 2014 (40% below median visits),2014,galion
2211,Year 2014 (40% below median visits),2014,galion
2212,Year 2014 (40% below median visits),2014,galion
2213,Year 2014 (40% below median visits),2014,galion
2214,Year 2014 (40% below median visits),2014,galion
2215,Year 2014 (40% below median visits),2014,galion
2216,Year 2014 (40% below median visits),2014,galion
2217,Year 2014 (40% below median visits),2014,galion
2218,Year 2014 (40% below median visits),2014,galion
2219,Year 2014 (40% below median visits),2014,galion
2220,Year 2014 (40% below median visits),2014,galion
2221,Year 2014 (40% below median visits),2014,galion
2222,Year 2014 (40% below median visits),2014,galion
2223,Year 2014 (40% below median visits),2014,galion
2224,Year 2014 (40% below median visits),2014,galion
2225,Year 2014 (40% below median visits),2014,galion
2226,Year 2014 (40% below median visits),2014,galion
2227,Year 2014 (40% below median visits),2014,galion
2228,Year 2014 (40% below median visits),2014,galion
2229,Year 2014 (40% below median visits),2014,galion
2230,Year 2014 (40% below median visits),2014,galion
2231,Year 2014 (40% below median visits),2014,galion
2232,Year 2014 (40% below median visits),2014,galion
2233,Year 2014 (40% below median visits),2014,galion
2234,Year 2014 (40% below median visits),2014,galion
2235,Year 2014 (40% below median visits),2014,galion
2236,Year 2014 (40% below median visits),2014,galion
2237,Year 2014 (40% below median visits),2014,galion
2238,Year 2014 (40% below median visits),2014,galion
2239,Year 2014 (40% below median visits),2014,galion
2240,Year 2014 (40% below median visits),2014,galion
2241,Year 2014 (40% below median visits),2014,galion
2242,Year 2014 (40% below median visits),2014,galion
2243,Year 2014 (40% below median visits),2014,galion
2244,Year 2014 (40% below median visits),2014,galion
2245,Year 2014 (40% below median visits),2014,galion
2246,Year 2014 (40% below median visits),2014,galion
2247,Year 2014 (40% below median visits),2014,galion
2248,Year 2014 (40% below median visits),2014,galion
2249,Year 2014 (40% below median visits),2014,galion
2250,Year 2014 (40% below median visits),2014,galion
2251,Year 2014 (40% below median visits),2014,galion
2252,Year 2014 (40% below median visits),2014,galion
2253,Year 2014 (40% below median visits),2014,galion
2254,Year 2014 (40% below median visits),2014,galion
2255,Year 2014 (40% below median visits),2014,galion
2256,Year 2014 (40% below median visits),2014,galion
2257,Year 2014 (40% below median visits),2014,galion
2258,Year 2014 (40% below median visits),2014,galion
2259,Year 2014 (40% below median visits),2014,galion
2260,Year 2014 (40% below median visits),2014,galion
2261,Year 2014 (40% below median visits),2014,galion
2262,Year 2014 (40% below median visits),2014,galion
2263,Year 2014 (40% below median visits),2014,galion
2264,Year 2014 (40% below median visits),2014,galion
2265,Year 2014 (40% below median visits),2014,galion
2266,Year 2014 (40% below median visits),2014,galion
2267,Year 2014 (40% below median visits),2014,galion
2268,Year 2014 (40% below median visits),2014,galion
2269,Year 2014 (40% below median visits),2014,galion
2270,Year 2014 (40% below median visits),2014,galion
2271,Year 2014 (40% below median visits),2014,galion
2272,Year 2014 (40% below median visits),2014,galion
2273,Year 2014 (40% below median visits),2014,galion
2274,Year 2014 (40% below median visits),2014,bois la charles
2275,Year 2014 (40% below median visits),2014,bois la charles
2276,Year 2014 (40% below median visits),2014,bois la charles
2277,Year 2014 (40% below median visits),2014,bois la charles
2278,Year 2014 (40% below median visits),2014,bois la charles
2279,Year 2014 (40% below median visits),2014,bois la charles
2280,Year 2014 (40% below median visits),2014,bois la charles
2281,Year 2014 (40% below median visits),2014,bois la charles
2282,Year 2014 (40% below median visits),2014,bois la charles
2283,Year 2014 (40% below median visits),2014,bois la charles
2284,Year 2014 (40% below median visits),2014,bois la charles
2285,Year 2014 (40% below median visits),2014,bois la charles
2286,Year 2014 (40% below median visits),2014,bois la charles
2287,Year 2014 (40% below median visits),2014,bois la charles
2288,Year 2014 (40% below median visits),2014,bois la charles
2289,Year 2014 (40% below median visits),2014,bois la charles
2290,Year 2014 (40% below median visits),2014,bois la charles
2291,Year 2014 (40% below median visits),2014,bois la charles
2292,Year 2014 (40% below median visits),2014,bois la charles
2293,Year 2014 (40% below median visits),2014,bois la charles
2294,Year 2014 (40% below median visits),2014,bois la charles
2295,Year 2014 (40% below median visits),2014,bois la charles
2296,Year 2014 (40% below median visits),2014,bois la charles
2297,Year 2014 (40% below median visits),2014,bois la charles
2298,Year 2014 (40% below median visits),2014,bois la charles
2299,Year 2014 (40% below median visits),2014,bois la charles
2300,Year 2014 (40% below median visits),2014,bois la charles
2301,Year 2014 (40% below median visits),2014,bois la charles
2302,Year 2014 (40% below median visits),2014,bois la charles
2303,Year 2014 (40% below median visits),2014,bois la charles
2304,Year 2014 (40% below median visits),2014,bois la charles
2305,Year 2014 (40% below median visits),2014,bois la charles
2306,Year 2014 (40% below median visits),2014,bois la charles
2307,Year 2014 (40% below median visits),2014,bois la charles
2308,Year 2014 (40% below median visits),2014,bois la charles
2309,Year 2014 (40% below median visits),2014,bois la charles
2310,Year 2014 (40% below median visits),2014,bois la charles
2311,Year 2014 (40% below median visits),2014,bois la charles
2312,Year 2014 (40% below median visits),2014,bois la charles
2313,Year 2014 (40% below median visits),2014,bois la charles
2314,Year 2014 (40% below median visits),2014,bois la charles
2315,Year 2014 (40% below median visits),2014,bois la charles
2316,Year 2014 (40% below median visits),2014,bois la charles
2317,Year 2014 (40% below median visits),2014,bois la charles
2318,Year 2014 (40% below median visits),2014,bois la charles
2319,Year 2014 (40% below median visits),2014,bois la charles
2320,Year 2014 (40% below median visits),2014,bois la charles
2321,Year 2014 (40% below median visits),2014,bois la charles
2322,Year 2014 (40% below median visits),2014,bois la charles
2323,Year 2014 (40% below median visits),2014,bois la charles
2324,Year 2014 (40% below median visits),2014,bois la charles
2325,Year 2014 (40% below median visits),2014,bois la charles
2326,Year 2014 (40% below median visits),2014,bois la charles
2327,Year 2014 (40% below median visits),2014,bois la charles
2328,Year 2014 (40% below median visits),2014,bois la charles
2329,Year 2014 (40% below median visits),2014,bois la charles
2330,Year 2014 (40% below median visits),2014,bois la charles
2331,Year 2014 (40% below median visits),2014,bois la charles
2332,Year 2014 (40% below median visits),2014,bois la charles
2333,Year 2014 (40% below median visits),2014,bois la charles
2334,Year 2014 (40% below median visits),2014,bois la charles
2335,Year 2014 (40% below median visits),2014,bois la charles
2336,Year 2014 (40% below median visits),2014,bois la charles
2337,Year 2014 (40% below median visits),2014,bois la charles
2338,Year 2014 (40% below median visits),2014,bois la charles
2339,Year 2014 (40% below median visits),2014,morne gardier
2340,Year 2014 (40% below median visits),2014,morne gardier
2341,Year 2014 (40% below median visits),2014,morne gardier
2342,Year 2014 (40% below median visits),2014,morne gardier
2343,Year 2014 (40% below median visits),2014,morne gardier
2344,Year 2014 (40% below median visits),2014,morne gardier
2345,Year 2014 (40% below median visits),2014,morne gardier
2346,Year 2014 (40% below median visits),2014,morne gardier
2347,Year 2014 (40% below median visits),2014,morne gardier
2348,Year 2014 (40% below median visits),2014,morne gardier
2349,Year 2014 (40% below median visits),2014,morne gardier
2350,Year 2014 (40% below median visits),2014,morne gardier
2351,Year 2014 (40% below median visits),2014,morne gardier
2352,Year 2014 (40% below median visits),2014,morne gardier
2353,Year 2014 (40% below median visits),2014,morne gardier
2354,Year 2014 (40% below median visits),2014,morne gardier
2355,Year 2014 (40% below median visits),2014,morne gardier
2356,Year 2014 (40% below median visits),2014,morne gardier
2357,Year 2014 (40% below median visits),2014,morne gardier
2358,Year 2014 (40% below median visits),2014,morne gardier
2359,Year 2014 (40% below median visits),2014,morne gardier
2360,Year 2014 (40% below median visits),2014,morne gardier
2361,Year 2014 (40% below median visits),2014,morne gardier
2362,Year 2014 (40% below median visits),2014,morne gardier
2363,Year 2014 (40% below median visits),2014,morne gardier
2364,Year 2014 (40% below median visits),2014,morne gardier
2365,Year 2014 (40% below median visits),2014,morne gardier
2366,Year 2014 (40% below median visits),2014,morne gardier
2367,Year 2014 (40% below median visits),2014,morne gardier
2368,Year 2014 (40% below median visits),2014,morne gardier
2369,Year 2014 (40% below median visits),2014,morne gardier
2370,Year 2014 (40% below median visits),2014,morne gardier
2371,Year 2014 (40% below median visits),2014,morne gardier
2372,Year 2014 (40% below median visits),2014,morne gardier
2373,Year 2014 (40% below median visits),2014,morne gardier
2374,Year 2014 (40% below median visits),2014,morne gardier
2375,Year 2014 (40% below median visits),2014,morne gardier
2376,Year 2014 (40% below median visits),2014,morne gardier
2377,Year 2014 (40% below median visits),2014,morne gardier
2378,Year 2014 (40% below median visits),2014,morne gardier
2379,Year 2014 (40% below median visits),2014,morne gardier
2380,Year 2014 (40% below median visits),2014,morne gardier
2381,Year 2014 (40% below median visits),2014,morne gardier
2382,Year 2014 (40% below median visits),2014,morne gardier
2383,Year 2014 (40% below median visits),2014,morne gardier
2384,Year 2014 (40% below median visits),2014,morne gardier
2385,Year 2014 (40% below median visits),2014,morne gardier
2386,Year 2014 (40% below median visits),2014,morne gardier
2387,Year 2014 (40% below median visits),2014,morne gardier
2388,Year 2014 (40% below median visits),2014,morne gardier
2389,Year 2014 (40% below median visits),2014,morne gardier
2390,Year 2014 (40% below median visits),2014,morne gardier
2391,Year 2014 (40% below median visits),2014,morne gardier
2392,Year 2014 (40% below median visits),2014,morne gardier
2393,Year 2014 (40% below median visits),2014,morne gardier
2394,Year 2014 (40% below median visits),2014,morne gardier
2395,Year 2014 (40% below median visits),2014,morne gardier
2396,Year 2014 (40% below median visits),2014,morne gardier
2397,Year 2014 (40% below median visits),2014,morne gardier
2398,Year 2014 (40% below median visits),2014,morne gardier
2399,Year 2014 (40% below median visits),2014,morne gardier
2400,Year 2014 (40% below median visits),2014,morne gardier
2401,Year 2014 (40% below median visits),2014,morne gardier
2402,Year 2014 (40% below median visits),2014,morne gardier
2403,Year 2014 (40% below median visits),2014,morne gardier
2404,Year 2014 (40% below median visits),2014,morne gardier
2405,Year 2014 (40% below median visits),2014,morne gardier
2406,Year 2014 (40% below median visits),2014,morne gardier
2407,Year 2014 (40% below median visits),2014,morne gardier
2408,Year 2014 (40% below median visits),2014,morne gardier
2409,Year 2014 (40% below median visits),2014,morne gardier
2410,Year 2014 (40% below median visits),2014,morne gardier
2411,Year 2014 (40% below median visits),2014,morne gardier
2412,Year 2014 (40% below median visits),2014,morne gardier
2413,Year 2014 (40% below median visits),2014,morne gardier
2414,Year 2014 (40% below median visits),2014,morne gardier
2415,Year 2014 (40% below median visits),2014,morne gardier
2416,Year 2014 (40% below median visits),2014,morne gardier
2417,Year 2014 (40% below median visits),2014,morne gardier
2418,Year 2014 (40% below median visits),2014,morne gardier
2419,Year 2014 (40% below median visits),2014,morne gardier
2420,Year 2014 (40% below median visits),2014,morne gardier
2421,Year 2014 (40% below median visits),2014,jeannot
2422,Year 2014 (40% below median visits),2014,jeannot
2423,Year 2014 (40% below median visits),2014,jeannot
2424,Year 2014 (40% below median visits),2014,jeannot
2425,Year 2014 (40% below median visits),2014,jeannot
2426,Year 2014 (40% below median visits),2014,jeannot
2427,Year 2014 (40% below median visits),2014,jeannot
2428,Year 2014 (40% below median visits),2014,jeannot
2429,Year 2014 (40% below median visits),2014,jeannot
2430,Year 2014 (40% below median visits),2014,jeannot
2431,Year 2014 (40% below median visits),2014,jeannot
2432,Year 2014 (40% below median visits),2014,jeannot
2433,Year 2014 (40% below median visits),2014,jeannot
2434,Year 2014 (40% below median visits),2014,jeannot
2435,Year 2014 (40% below median visits),2014,jeannot
2436,Year 2014 (40% below median visits),2014,jeannot
2437,Year 2014 (40% below median visits),2014,jeannot
2438,Year 2014 (40% below median visits),2014,jeannot
2439,Year 2014 (40% below median visits),2014,jeannot
2440,Year 2014 (40% below median visits),2014,jeannot
2441,Year 2014 (40% below median visits),2014,jeannot
2442,Year 2014 (40% below median visits),2014,jeannot
2443,Year 2014 (40% below median visits),2014,jeannot
2444,Year 2014 (40% below median visits),2014,jeannot
2445,Year 2014 (40% below median visits),2014,jeannot
2446,Year 2014 (40% below median visits),2014,jeannot
2447,Year 2014 (40% below median visits),2014,jeannot
2448,Year 2014 (40% below median visits),2014,jeannot
2449,Year 2014 (40% below median visits),2014,jeannot
2450,Year 2014 (40% below median visits),2014,jeannot
2451,Year 2014 (40% below median visits),2014,jeannot
2452,Year 2014 (40% below median visits),2014,jeannot
2453,Year 2014 (40% below median visits),2014,jeannot
2454,Year 2014 (40% below median visits),2014,jeannot
2455,Year 2014 (40% below median visits),2014,jeannot
2456,Year 2014 (40% below median visits),2014,jeannot
2457,Year 2014 (40% below median visits),2014,jeannot
2458,Year 2014 (40% below median visits),2014,jeannot
2459,Year 2014 (40% below median visits),2014,jeannot
2460,Year 2014 (40% below median visits),2014,jeannot
2461,Year 2014 (40% below median visits),2014,jeannot
2462,Year 2014 (40% below median visits),2014,jeannot
2463,Year 2014 (40% below median visits),2014,jeannot
2464,Year 2014 (40% below median visits),2014,jeannot
2465,Year 2014 (40% below median visits),2014,jeannot
2466,Year 2014 (40% below median visits),2014,jeannot
2467,Year 2014 (40% below median visits),2014,jeannot
2468,Year 2014 (40% below median visits),2014,jeannot
2469,Year 2014 (40% below median visits),2014,jeannot
2470,Year 2014 (40% below median visits),2014,jeannot
2471,Year 2014 (40% below median visits),2014,jeannot
2472,Year 2014 (40% below median visits),2014,jeannot
2473,Year 2014 (40% below median visits),2014,jeannot
2474,Year 2014 (40% below median visits),2014,jeannot
2475,Year 2014 (40% below median visits),2014,jeannot
2476,Year 2014 (40% below median visits),2014,jeannot
2477,Year 2014 (40% below median visits),2014,jeannot
2478,Year 2014 (40% below median visits),2014,jeannot
2479,Year 2014 (40% below median visits),2014,jeannot
2480,Year 2014 (40% below median visits),2014,jeannot
2481,Year 2014 (40% below median visits),2014,jeannot
2482,Year 2014 (40% below median visits),2014,jeannot
2483,Year 2014 (40% below median visits),2014,jeannot
2484,Year 2014 (40% below median visits),2014,jeannot
2485,Year 2014 (40% below median visits),2014,jeannot
2486,Year 2014 (40% below median visits),2014,jeannot
2487,Year 2014 (40% below median visits),2014,jeannot
2488,Year 2014 (40% below median visits),2014,jeannot
2489,Year 2014 (40% below median visits),2014,jeannot
2490,Year 2014 (40% below median visits),2014,jeannot
2491,Year 2014 (40% below median visits),2014,jeannot
2492,Year 2014 (40% below median visits),2014,jeannot
2493,Year 2014 (40% below median visits),2014,jeannot
2494,Year 2014 (40% below median visits),2014,jeannot
2495,Year 2014 (40% below median visits),2014,jeannot
2496,Year 2014 (40% below median visits),2014,jeannot
2497,Year 2014 (40% below median visits),2014,jeannot
2498,Year 2014 (40% below median visits),2014,jeannot
2499,Year 2014 (40% below median visits),2014,jeannot
2500,Year 2014 (40% below median visits),2014,jeannot
2501,Year 2014 (40% below median visits),2014,jeannot
2502,Year 2014 (40% below median visits),2014,jeannot
2503,Year 2014 (40% below median visits),2014,jeannot
2504,Year 2014 (40% below median visits),2014,jeannot
2505,Year 2014 (40% below median visits),2014,jeannot
2506,Year 2014 (40% below median visits),2014,jeannot
2507,Year 2014 (40% below median visits),2014,jeannot
2508,Year 2014 (40% below median visits),2014,jeannot
2509,Year 2014 (40% below median visits),2014,jeannot
2510,Year 2014 (40% below median visits),2014,jeannot
2511,Year 2014 (40% below median visits),2014,jeannot
2512,Year 2014 (40% below median visits),2014,jeannot
2513,Year 2014 (40% below median visits),2014,jeannot
2514,Year 2014 (40% below median visits),2014,jeannot
2515,Year 2014 (40% below median visits),2014,jeannot
2516,Year 2014 (40% below median visits),2014,jeannot
2517,Year 2014 (40% below median visits),2014,jeannot
2518,Year 2014 (40% below median visits),2014,jeannot
2519,Year 2014 (40% below median visits),2014,jeannot
2520,Year 2014 (40% below median visits),2014,jeannot
2521,Year 2014 (40% below median visits),2014,jeannot
2522,Year 2014 (40% below median visits),2014,jeannot
2523,Year 2014 (40% below median visits),2014,jeannot
2524,Year 2014 (40% below median visits),2014,jeannot
2525,Year 2014 (40% below median visits),2014,jeannot
2526,Year 2014 (40% below median visits),2014,jeannot
2527,Year 2014 (40% below median visits),2014,jeannot
2528,Year 2014 (40% below median visits),2014,jeannot
2529,Year 2014 (40% below median visits),2014,jeannot
2530,Year 2014 (40% below median visits),2014,jeannot
2531,Year 2014 (40% below median visits),2014,jeannot
2532,Year 2014 (40% below median visits),2014,jeannot
2533,Year 2014 (40% below median visits),2014,jeannot
2534,Year 2014 (40% below median visits),2014,jeannot
2535,Year 2014 (40% below median visits),2014,jeannot
2536,Year 2014 (40% below median visits),2014,jeannot
2537,Year 2014 (40% below median visits),2014,jeannot
2538,Year 2014 (40% below median visits),2014,jeannot
2539,Year 2014 (40% below median visits),2014,jeannot
2540,Year 2014 (40% below median visits),2014,jeannot
2541,Year 2014 (40% below median visits),2014,jeannot
2542,Year 2014 (40% below median visits),2014,jeannot
2543,Year 2014 (40% below median visits),2014,jeannot
2544,Year 2014 (40% below median visits),2014,jeannot
2545,Year 2014 (40% below median visits),2014,jeannot
2546,Year 2014 (40% below median visits),2014,jeannot
2547,Year 2014 (40% below median visits),2014,jeannot
2548,Year 2014 (40% below median visits),2014,jeannot
2549,Year 2014 (40% below median visits),2014,jeannot
2550,Year 2014 (40% below median visits),2014,jeannot
2551,Year 2014 (40% below median visits),2014,jeannot
2552,Year 2014 (40% below median visits),2014,jeannot
2553,Year 2014 (40% below median visits),2014,jeannot
2554,Year 2014 (40% below median visits),2014,jeannot
2555,Year 2014 (40% below median visits),2014,jeannot
2556,Year 2014 (40% below median visits),2014,jeannot
2557,Year 2014 (40% below median visits),2014,jeannot
2558,Year 2014 (40% below median visits),2014,jeannot
2559,Year 2014 (40% below median visits),2014,jeannot
2560,Year 2014 (40% below median visits),2014,jeannot
2561,Year 2014 (40% below median visits),2014,jeannot
2562,Year 2014 (40% below median visits),2014,jeannot
2563,Year 2014 (40% below median visits),2014,jeannot
2564,Year 2014 (40% below median visits),2014,jeannot
2565,Year 2014 (40% below median visits),2014,jeannot
2566,Year 2014 (40% below median visits),2014,jeannot
2567,Year 2014 (40% below median visits),2014,jeannot
2568,Year 2014 (40% below median visits),2014,jeannot
2569,Year 2014 (40% below median visits),2014,jeannot
2570,Year 2014 (40% below median visits),2014,jeannot
2571,Year 2014 (40% below median visits),2014,jeannot
2572,Year 2014 (40% below median visits),2014,jeannot
2573,Year 2014 (40% below median visits),2014,jeannot
2574,Year 2014 (40% below median visits),2014,jeannot
2575,Year 2014 (40% below median visits),2014,jeannot
2576,Year 2014 (40% below median visits),2014,jeannot
2577,Year 2014 (40% below median visits),2014,jeannot
2578,Year 2014 (40% below median visits),2014,jeannot
2579,Year 2014 (40% below median visits),2014,jeannot
2580,Year 2014 (40% below median visits),2014,la démarche
2581,Year 2014 (40% below median visits),2014,la démarche
2582,Year 2014 (40% below median visits),2014,la démarche
2583,Year 2014 (40% below median visits),2014,la démarche
2584,Year 2014 (40% below median visits),2014,la démarche
2585,Year 2014 (40% below median visits),2014,la démarche
2586,Year 2014 (40% below median visits),2014,la démarche
2587,Year 2014 (40% below median visits),2014,la démarche
2588,Year 2014 (40% below median visits),2014,la démarche
2589,Year 2014 (40% below median visits),2014,la démarche
2590,Year 2014 (40% below median visits),2014,la démarche
2591,Year 2014 (40% below median visits),2014,la démarche
2592,Year 2014 (40% below median visits),2014,la démarche
2593,Year 2014 (40% below median visits),2014,la démarche
2594,Year 2014 (40% below median visits),2014,la démarche
2595,Year 2014 (40% below median visits),2014,la démarche
2596,Year 2014 (40% below median visits),2014,la démarche
2597,Year 2014 (40% below median visits),2014,la démarche
2598,Year 2014 (40% below median visits),2014,la démarche
2599,Year 2014 (40% below median visits),2014,la démarche
2600,Year 2014 (40% below median visits),2014,la démarche
2601,Year 2014 (40% below median visits),2014,la démarche
2602,Year 2014 (40% below median visits),2014,la démarche
2603,Year 2014 (40% below median visits),2014,la démarche
2604,Year 2014 (40% below median visits),2014,la démarche
2605,Year 2014 (40% below median visits),2014,la démarche
2606,Year 2014 (40% below median visits),2014,la démarche
2607,Year 2014 (40% below median visits),2014,la démarche
2608,Year 2014 (40% below median visits),2014,la démarche
2609,Year 2014 (40% below median visits),2014,la démarche
2610,Year 2014 (40% below median visits),2014,la démarche
2611,Year 2014 (40% below median visits),2014,la démarche
2612,Year 2014 (40% below median visits),2014,la démarche
2613,Year 2014 (40% below median visits),2014,la démarche
2614,Year 2014 (40% below median visits),2014,la démarche
2615,Year 2014 (40% below median visits),2014,la démarche
2616,Year 2014 (40% below median visits),2014,la démarche
2617,Year 2014 (40% below median visits),2014,la démarche
2618,Year 2014 (40% below median visits),2014,la démarche
2619,Year 2014 (40% below median visits),2014,la démarche
2620,Year 2014 (40% below median visits),2014,la démarche
2621,Year 2014 (40% below median visits),2014,la démarche
2622,Year 2014 (40% below median visits),2014,la démarche
2623,Year 2014 (40% below median visits),2014,la démarche
2624,Year 2014 (40% below median visits),2014,la démarche
2625,Year 2014 (40% below median visits),2014,la démarche
2626,Year 2014 (40% below median visits),2014,la démarche
2627,Year 2014 (40% below median visits),2014,la démarche
2628,Year 2014 (40% below median visits),2014,la démarche
2629,Year 2014 (40% below median visits),2014,la démarche
2630,Year 2014 (40% below median visits),2014,la démarche
2631,Year 2014 (40% below median visits),2014,la démarche
2632,Year 2014 (40% below median visits),2014,la démarche
2633,Year 2014 (40% below median visits),2014,la démarche
2634,Year 2014 (40% below median visits),2014,la démarche
2635,Year 2014 (40% below median visits),2014,la démarche
2636,Year 2014 (40% below median visits),2014,la démarche
2637,Year 2014 (40% below median visits),2014,la démarche
2638,Year 2014 (40% below median visits),2014,la démarche
2639,Year 2014 (40% below median visits),2014,la démarche
2640,Year 2014 (40% below median visits),2014,la démarche
2641,Year 2014 (40% below median visits),2014,la démarche
2642,Year 2014 (40% below median visits),2014,la démarche
2643,Year 2014 (40% below median visits),2014,la démarche
2644,Year 2014 (40% below median visits),2014,la démarche
2645,Year 2014 (40% below median visits),2014,la démarche
2646,Year 2014 (40% below median visits),2014,la démarche
2647,Year 2014 (40% below median visits),2014,la démarche
2648,Year 2014 (40% below median visits),2014,la démarche
2649,Year 2014 (40% below median visits),2014,la démarche
2650,Year 2014 (40% below median visits),2014,la démarche
2651,Year 2014 (40% below median visits),2014,la démarche
2652,Year 2014 (40% below median visits),2014,la démarche
2653,Year 2014 (40% below median visits),2014,la démarche
2654,Year 2014 (40% below median visits),2014,la démarche
2655,Year 2014 (40% below median visits),2014,la démarche
2656,Year 2014 (40% below median visits),2014,la démarche
2657,Year 2014 (40% below median visits),2014,la démarche
2658,Year 2014 (40% below median visits),2014,la démarche
2659,Year 2014 (40% below median visits),2014,la démarche
2660,Year 2014 (40% below median visits),2014,la démarche
2661,Year 2014 (40% below median visits),2014,la démarche
2662,Year 2014 (40% below median visits),2014,la démarche
2663,Year 2014 (40% below median visits),2014,la démarche
2664,Year 2014 (40% below median visits),2014,la démarche
2665,Year 2014 (40% below median visits),2014,la démarche
2666,Year 2014 (40% below median visits),2014,la démarche
2667,Year 2014 (40% below median visits),2014,la démarche
2668,Year 2014 (40% below median visits),2014,la démarche
2669,Year 2014 (40% below median visits),2014,la démarche
2670,Year 2014 (40% below median visits),2014,la démarche
2671,Year 2014 (40% below median visits),2014,la démarche
2672,Year 2014 (40% below median visits),2014,la démarche
2673,Year 2014 (40% below median visits),2014,la démarche
2674,Year 2014 (40% below median visits),2014,la démarche
2675,Year 2014 (40% below median visits),2014,la démarche
2676,Year 2014 (40% below median visits),2014,la démarche
2677,Year 2014 (40% below median visits),2014,pointe jean-claude
2678,Year 2014 (40% below median visits),2014,pointe jean-claude
2679,Year 2014 (40% below median visits),2014,pointe jean-claude
2680,Year 2014 (40% below median visits),2014,pointe jean-claude
2681,Year 2014 (40% below median visits),2014,pointe jean-claude
2682,Year 2014 (40% below median visits),2014,pointe jean-claude
2683,Year 2014 (40% below median visits),2014,pointe jean-claude
2684,Year 2014 (40% below median visits),2014,pointe jean-claude
2685,Year 2014 (40% below median visits),2014,pointe jean-claude
2686,Year 2014 (40% below median visits),2014,pointe jean-claude
2687,Year 2014 (40% below median visits),2014,pointe jean-claude
2688,Year 2014 (40% below median visits),2014,pointe jean-claude
2689,Year 2014 (40% below median visits),2014,pointe jean-claude
2690,Year 2014 (40% below median visits),2014,pointe jean-claude
2691,Year 2014 (40% below median visits),2014,pointe jean-claude
2692,Year 2014 (40% below median visits),2014,pointe jean-claude
2693,Year 2014 (40% below median visits),2014,pointe jean-claude
2694,Year 2014 (40% below median visits),2014,pointe jean-claude
2695,Year 2014 (40% below median visits),2014,pointe jean-claude
2696,Year 2014 (40% below median visits),2014,pointe jean-claude
2697,Year 2014 (40% below median visits),2014,pointe jean-claude
2698,Year 2014 (40% below median visits),2014,pointe jean-claude
2699,Year 2014 (40% below median visits),2014,pointe jean-claude
2700,Year 2014 (40% below median visits),2014,pointe jean-claude
2701,Year 2014 (40% below median visits),2014,pointe jean-claude
2702,Year 2014 (40% below median visits),2014,pointe jean-claude
2703,Year 2014 (40% below median visits),2014,pointe jean-claude
2704,Year 2014 (40% below median visits),2014,pointe jean-claude
2705,Year 2014 (40% below median visits),2014,pointe jean-claude
2706,Year 2014 (40% below median visits),2014,pointe jean-claude
2707,Year 2014 (40% below median visits),2014,pointe jean-claude
2708,Year 2014 (40% below median visits),2014,pointe jean-claude
2709,Year 2014 (40% below median visits),2014,pointe jean-claude
2710,Year 2014 (40% below median visits),2014,pointe jean-claude
2711,Year 2014 (40% below median visits),2014,pointe jean-claude
2712,Year 2014 (40% below median visits),2014,pointe jean-claude
2713,Year 2014 (40% below median visits),2014,pointe jean-claude
2714,Year 2014 (40% below median visits),2014,pointe jean-claude
2715,Year 2014 (40% below median visits),2014,pointe jean-claude
2716,Year 2014 (40% below median visits),2014,pointe jean-claude
2717,Year 2014 (40% below median visits),2014,pointe jean-claude
2718,Year 2014 (40% below median visits),2014,pointe jean-claude
2719,Year 2014 (40% below median visits),2014,pointe jean-claude
2720,Year 2014 (40% below median visits),2014,pointe jean-claude
2721,Year 2014 (40% below median visits),2014,pointe jean-claude
2722,Year 2014 (40% below median visits),2014,pointe jean-claude
2723,Year 2014 (40% below median visits),2014,pointe jean-claude
2724,Year 2014 (40% below median visits),2014,pointe jean-claude
2725,Year 2014 (40% below median visits),2014,pointe jean-claude
2726,Year 2014 (40% below median visits),2014,pointe jean-claude
2727,Year 2014 (40% below median visits),2014,pointe jean-claude
2728,Year 2014 (40% below median visits),2014,pointe jean-claude
2729,Year 2014 (40% below median visits),2014,pointe jean-claude
2730,Year 2014 (40% below median visits),2014,pointe jean-claude
2731,Year 2014 (40% below median visits),2014,pointe jean-claude
2732,Year 2014 (40% below median visits),2014,pointe jean-claude
2733,Year 2014 (40% below median visits),2014,pointe jean-claude
2734,Year 2014 (40% below median visits),2014,pointe jean-claude
2735,Year 2014 (40% below median visits),2014,pointe jean-claude
2736,Year 2014 (40% below median visits),2014,pointe jean-claude
2737,Year 2014 (40% below median visits),2014,pointe jean-claude
2738,Year 2014 (40% below median visits),2014,pointe jean-claude
2739,Year 2014 (40% below median visits),2014,pointe jean-claude
2740,Year 2014 (40% below median visits),2014,pointe jean-claude
2741,Year 2014 (40% below median visits),2014,pointe jean-claude
2742,Year 2014 (40% below median visits),2014,pointe jean-claude
2743,Year 2014 (40% below median visits),2014,pointe jean-claude
2744,Year 2014 (40% below median visits),2014,pointe jean-claude
2745,Year 2014 (40% below median visits),2014,pointe jean-claude
2746,Year 2014 (40% below median visits),2014,pointe jean-claude
2747,Year 2014 (40% below median visits),2014,pointe jean-claude
2748,Year 2014 (40% below median visits),2014,pointe jean-claude
2749,Year 2014 (40% below median visits),2014,pointe jean-claude
2750,Year 2014 (40% below median visits),2014,pointe jean-claude
2751,Year 2014 (40% below median visits),2014,pointe jean-claude
2752,Year 2014 (40% below median visits),2014,pointe jean-claude
2753,Year 2014 (40% below median visits),2014,pointe jean-claude
2754,Year 2014 (40% below median visits),2014,pointe jean-claude
2755,Year 2014 (40% below median visits),2014,pointe jean-claude
2756,Year 2014 (40% below median visits),2014,pointe jean-claude
2757,Year 2014 (40% below median visits),2014,pointe jean-claude
2758,Year 2014 (40% below median visits),2014,pointe jean-claude
2759,Year 2014 (40% below median visits),2014,pointe jean-claude
2760,Year 2014 (40% below median visits),2014,pointe jean-claude
2761,Year 2014 (40% below median visits),2014,pointe jean-claude
2762,Year 2014 (40% below median visits),2014,pointe jean-claude
2763,Year 2014 (40% below median visits),2014,pointe jean-claude
2764,Year 2014 (40% below median visits),2014,pointe jean-claude
2765,Year 2014 (40% below median visits),2014,pointe jean-claude
2766,Year 2014 (40% below median visits),2014,pointe jean-claude
2767,Year 2014 (40% below median visits),2014,pointe jean-claude
2768,Year 2014 (40% below median visits),2014,pointe jean-claude
2769,Year 2014 (40% below median visits),2014,pointe jean-claude
2770,Year 2014 (40% below median visits),2014,pointe jean-claude
2771,Year 2014 (40% below median visits),2014,pointe jean-claude
2772,Year 2014 (40% below median visits),2014,pointe jean-claude
2773,Year 2014 (40% below median visits),2014,pointe jean-claude
2774,Year 2014 (40% below median visits),2014,pointe jean-claude
2775,Year 2014 (40% below median visits),2014,pointe jean-claude
2776,Year 2014 (40% below median visits),2014,pointe jean-claude
2777,Year 2014 (40% below median visits),2014,pointe jean-claude
2778,Year 2014 (40% below median visits),2014,pointe jean-claude
2779,Year 2014 (40% below median visits),2014,pointe jean-claude
2780,Year 2014 (40% below median visits),2014,pointe jean-claude
2781,Year 2014 (40% below median visits),2014,pointe jean-claude
2782,Year 2014 (40% below median visits),2014,pointe jean-claude
2783,Year 2014 (40% below median visits),2014,tunnel didier 2
2784,Year 2014 (40% below median visits),2014,tunnel didier 2
2785,Year 2014 (40% below median visits),2014,tunnel didier 2
2786,Year 2014 (40% below median visits),2014,tunnel didier 2
2787,Year 2014 (40% below median visits),2014,tunnel didier 2
2788,Year 2014 (40% below median visits),2014,tunnel didier 2
2789,Year 2014 (40% below median visits),2014,tunnel didier 2
2790,Year 2014 (40% below median visits),2014,tunnel didier 2
2791,Year 2014 (40% below median visits),2014,tunnel didier 2
2792,Year 2014 (40% below median visits),2014,tunnel didier 2
2793,Year 2014 (40% below median visits),2014,tunnel didier 2
2794,Year 2014 (40% below median visits),2014,tunnel didier 2
2795,Year 2014 (40% below median visits),2014,tunnel didier 2
2796,Year 2014 (40% below median visits),2014,tunnel didier 2
2797,Year 2014 (40% below median visits),2014,tunnel didier 2
2798,Year 2014 (40% below median visits),2014,tunnel didier 2
2799,Year 2014 (40% below median visits),2014,tunnel didier 2
2800,Year 2014 (40% below median visits),2014,tunnel didier 2
2801,Year 2014 (40% below median visits),2014,tunnel didier 2
2802,Year 2014 (40% below median visits),2014,tunnel didier 2
2803,Year 2014 (40% below median visits),2014,tunnel didier 2
2804,Year 2014 (40% below median visits),2014,tunnel didier 2
2805,Year 2014 (40% below median visits),2014,tunnel didier 2
2806,Year 2014 (40% below median visits),2014,tunnel didier 2
2807,Year 2014 (40% below median visits),2014,tunnel didier 2
2808,Year 2014 (40% below median visits),2014,tunnel didier 2
2809,Year 2014 (40% below median visits),2014,tunnel didier 2
2810,Year 2014 (40% below median visits),2014,tunnel didier 2
2811,Year 2014 (40% below median visits),2014,tunnel didier 2
2812,Year 2014 (40% below median visits),2014,tunnel didier 2
2813,Year 2014 (40% below median visits),2014,tunnel didier 2
2814,Year 2014 (40% below median visits),2014,tunnel didier 2
2815,Year 2014 (40% below median visits),2014,tunnel didier 2
2816,Year 2014 (40% below median visits),2014,tunnel didier 2
2817,Year 2014 (40% below median visits),2014,tunnel didier 2
2818,Year 2014 (40% below median visits),2014,tunnel didier 2
2819,Year 2014 (40% below median visits),2014,tunnel didier 2
2820,Year 2014 (40% below median visits),2014,tunnel didier 2
2821,Year 2014 (40% below median visits),2014,tunnel didier 2
2822,Year 2014 (40% below median visits),2014,tunnel didier 2
2823,Year 2014 (40% below median visits),2014,tunnel didier 2
2824,Year 2014 (40% below median visits),2014,tunnel didier 2
2825,Year 2014 (40% below median visits),2014,tunnel didier 2
2826,Year 2014 (40% below median visits),2014,tunnel didier 2
2827,Year 2014 (40% below median visits),2014,tunnel didier 2
2828,Year 2014 (40% below median visits),2014,tunnel didier 2
2829,Year 2014 (40% below median visits),2014,tunnel didier 2
2830,Year 2014 (40% below median visits),2014,tunnel didier 2
2831,Year 2014 (40% below median visits),2014,tunnel didier 2
2832,Year 2014 (40% below median visits),2014,tunnel didier 2
2833,Year 2014 (40% below median visits),2014,tunnel didier 2
2834,Year 2014 (40% below median visits),2014,tunnel didier 2
2835,Year 2014 (40% below median visits),2014,tunnel didier 2
2836,Year 2014 (40% below median visits),2014,tunnel didier 2
2837,Year 2014 (40% below median visits),2014,tunnel didier 2
2838,Year 2014 (40% below median visits),2014,tunnel didier 2
2839,Year 2014 (40% below median visits),2014,tunnel didier 2
2840,Year 2014 (40% below median visits),2014,tunnel didier 2
2841,Year 2014 (40% below median visits),2014,tunnel didier 2
2842,Year 2014 (40% below median visits),2014,tunnel didier 2
2843,Year 2014 (40% below median visits),2014,tunnel didier 2
2844,Year 2014 (40% below median visits),2014,tunnel didier 2
2845,Year 2014 (40% below median visits),2014,tunnel didier 2
2846,Year 2014 (40% below median visits),2014,tunnel didier 2
2847,Year 2014 (40% below median visits),2014,tunnel didier 2
2848,Year 2014 (40% below median visits),2014,tunnel didier 2
2849,Year 2014 (40% below median visits),2014,tunnel didier 2
2850,Year 2014 (40% below median visits),2014,tunnel didier 2
2851,Year 2014 (40% below median visits),2014,tunnel didier 2
2852,Year 2014 (40% below median visits),2014,tunnel didier 2
2853,Year 2014 (40% below median visits),2014,tunnel didier 2
2854,Year 2014 (40% below median visits),2014,tunnel didier 2
2855,Year 2014 (40% below median visits),2014,tunnel didier 2
2856,Year 2014 (40% below median visits),2014,tunnel didier 2
2857,Year 2014 (40% below median visits),2014,tunnel didier 2
2858,Year 2014 (40% below median visits),2014,tunnel didier 2
2859,Year 2014 (40% below median visits),2014,tunnel didier 2
2860,Year 2014 (40% below median visits),2014,tunnel didier 2
2861,Year 2014 (40% below median visits),2014,tunnel didier 2
2862,Year 2014 (40% below median visits),2014,tunnel didier 2
2863,Year 2014 (40% below median visits),2014,tunnel didier 2
2864,Year 2014 (40% below median visits),2014,tunnel didier 2
2865,Year 2014 (40% below median visits),2014,tunnel didier 2
2866,Year 2014 (40% below median visits),2014,tunnel didier 2
2867,Year 2014 (40% below median visits),2014,tunnel didier 2
2868,Year 2014 (40% below median visits),2014,tunnel didier 2
2869,Year 2014 (40% below median visits),2014,tunnel didier 2
2870,Year 2014 (40% below median visits),2014,tunnel didier 2
2871,Year 2014 (40% below median visits),2014,tunnel didier 2
2872,Year 2014 (40% below median visits),2014,tunnel didier 2
2873,Year 2014 (40% below median visits),2014,tunnel didier 2
2874,Year 2014 (40% below median visits),2014,tunnel didier 2
2875,Year 2014 (40% below median visits),2014,tunnel didier 2
2876,Year 2014 (40% below median visits),2014,tunnel didier 2
2877,Year 2014 (40% below median visits),2014,tunnel didier 2
2878,Year 2014 (40% below median visits),2014,tunnel didier 2
2879,Year 2014 (40% below median visits),2014,tunnel didier 2
2880,Year 2014 (40% below median visits),2014,tunnel didier 2
2881,Year 2014 (40% below median visits),2014,tunnel didier 2
2882,Year 2014 (40% below median visits),2014,tunnel didier 2
2883,Year 2014 (40% below median visits),2014,tunnel didier 2
2884,Year 2014 (40% below median visits),2014,tunnel didier 2
2885,Year 2014 (40% below median visits),2014,tunnel didier 2
2886,Year 2014 (40% below median visits),2014,tunnel didier 2
2887,Year 2014 (40% below median visits),2014,tunnel didier 2
2888,Year 2014 (40% below median visits),2014,tunnel didier 2
2889,Year 2014 (40% below median visits),2014,tunnel didier 2
2890,Year 2014 (40% below median visits),2014,tunnel didier 2
2891,Year 2014 (40% below median visits),2014,tunnel didier 2
2892,Year 2014 (40% below median visits),2014,tunnel didier 2
2893,Year 2014 (40% below median visits),2014,tunnel didier 2
2894,Year 2014 (40% below median visits),2014,tunnel didier 2
2895,Year 2014 (40% below median visits),2014,tunnel didier 2
2896,Year 2014 (40% below median visits),2014,tunnel didier 2
2897,Year 2014 (40% below median visits),2014,tunnel didier 2
2898,Year 2014 (40% below median visits),2014,tunnel didier 2
2899,Year 2014 (40% below median visits),2014,tunnel didier 2
2900,Year 2014 (40% below median visits),2014,tunnel didier 2
2901,Year 2014 (40% below median visits),2014,tunnel didier 2
2902,Year 2014 (40% below median visits),2014,tunnel didier 2
2903,Year 2014 (40% below median visits),2014,tunnel didier 2
2904,Year 2014 (40% below median visits),2014,tunnel didier 2
2905,Year 2014 (40% below median visits),2014,tunnel didier 2
2906,Year 2014 (40% below median visits),2014,tunnel didier 2
2907,Year 2014 (40% below median visits),2014,tunnel didier 2
2908,Year 2014 (40% below median visits),2014,tunnel didier 2
2909,Year 2014 (40% below median visits),2014,tunnel didier 2
2910,Year 2014 (40% below median visits),2014,tunnel didier 2
2911,Year 2014 (40% below median visits),2014,tunnel didier 2
2912,Year 2014 (40% below median visits),2014,tunnel didier 2
2913,Year 2014 (40% below median visits),2014,tunnel didier 2
2914,Year 2014 (40% below median visits),2014,tunnel didier 2
2915,Year 2014 (40% below median visits),2014,tunnel didier 2
2916,Year 2014 (40% below median visits),2014,cap est
2917,Year 2014 (40% below median visits),2014,cap est
2918,Year 2014 (40% below median visits),2014,cap est
2919,Year 2014 (40% below median visits),2014,cap est
2920,Year 2014 (40% below median visits),2014,cap est
2921,Year 2014 (40% below median visits),2014,cap est
2922,Year 2014 (40% below median visits),2014,cap est
2923,Year 2014 (40% below median visits),2014,cap est
2924,Year 2014 (40% below median visits),2014,cap est
2925,Year 2014 (40% below median visits),2014,cap est
2926,Year 2014 (40% below median visits),2014,cap est
2927,Year 2014 (40% below median visits),2014,cap est
2928,Year 2014 (40% below median visits),2014,cap est
2929,Year 2014 (40% below median visits),2014,cap est
2930,Year 2014 (40% below median visits),2014,cap est
2931,Year 2014 (40% below median visits),2014,cap est
2932,Year 2014 (40% below median visits),2014,cap est
2933,Year 2014 (40% below median visits),2014,cap est
2934,Year 2014 (40% below median visits),2014,cap est
2935,Year 2014 (40% below median visits),2014,cap est
2936,Year 2014 (40% below median visits),2014,cap est
2937,Year 2014 (40% below median visits),2014,cap est
2938,Year 2014 (40% below median visits),2014,cap est
2939,Year 2014 (40% below median visits),2014,cap est
2940,Year 2014 (40% below median visits),2014,cap est
2941,Year 2014 (40% below median visits),2014,cap est
2942,Year 2014 (40% below median visits),2014,cap est
2943,Year 2014 (40% below median visits),2014,cap est
2944,Year 2014 (40% below median visits),2014,cap est
2945,Year 2014 (40% below median visits),2014,cap est
2946,Year 2014 (40% below median visits),2014,cap est
2947,Year 2014 (40% below median visits),2014,cap est
2948,Year 2014 (40% below median visits),2014,cap est
2949,Year 2014 (40% below median visits),2014,cap est
2950,Year 2014 (40% below median visits),2014,cap est
2951,Year 2014 (40% below median visits),2014,cap est
2952,Year 2014 (40% below median visits),2014,cap est
2953,Year 2014 (40% below median visits),2014,cap est
2954,Year 2014 (40% below median visits),2014,cap est
2955,Year 2014 (40% below median visits),2014,cap est
2956,Year 2014 (40% below median visits),2014,cap est
2957,Year 2014 (40% below median visits),2014,cap est
2958,Year 2014 (40% below median visits),2014,cap est
2959,Year 2014 (40% below median visits),2014,cap est
2960,Year 2014 (40% below median visits),2014,cap est
2961,Year 2014 (40% below median visits),2014,cap est
2962,Year 2014 (40% below median visits),2014,cap est
2963,Year 2014 (40% below median visits),2014,cap est
2964,Year 2014 (40% below median visits),2014,cap est
2965,Year 2014 (40% below median visits),2014,cap est
2966,Year 2014 (40% below median visits),2014,cap est
2967,Year 2014 (40% below median visits),2014,cap est
2968,Year 2014 (40% below median visits),2014,cap est
2969,Year 2014 (40% below median visits),2014,cap est
2970,Year 2014 (40% below median visits),2014,cap est
2971,Year 2014 (40% below median visits),2014,cap est
2972,Year 2014 (40% below median visits),2014,cap est
2973,Year 2014 (40% below median visits),2014,cap est
2974,Year 2014 (40% below median visits),2014,cap est
2975,Year 2014 (40% below median visits),2014,cap est
2976,Year 2014 (40% below median visits),2014,cap est
2977,Year 2014 (40% below median visits),2014,cap est
2978,Year 2014 (40% below median visits),2014,cap est
2979,Year 2014 (40% below median visits),2014,cap est
2980,Year 2014 (40% below median visits),2014,cap est
2981,Year 2014 (40% below median visits),2014,cap est
2982,Year 2014 (40% below median visits),2014,cap est
2983,Year 2014 (40% below median visits),2014,cap est
2984,Year 2014 (40% below median visits),2014,cap est
2985,Year 2014 (40% below median visits),2014,cap est
2986,Year 2014 (40% below median visits),2014,cap est
2987,Year 2014 (40% below median visits),2014,cap est
2988,Year 2014 (40% below median visits),2014,cap est
2989,Year 2014 (40% below median visits),2014,cap est
2990,Year 2014 (40% below median visits),2014,cap est
2991,Year 2014 (40% below median visits),2014,cap est
2992,Year 2014 (40% below median visits),2014,cap est
2993,Year 2014 (40% below median visits),2014,cap est
2994,Year 2014 (40% below median visits),2014,cap est
2995,Year 2014 (40% below median visits),2014,cap est
2996,Year 2014 (40% below median visits),2014,cap est
2997,Year 2014 (40% below median visits),2014,cap est
2998,Year 2014 (40% below median visits),2014,cap est
2999,Year 2014 (40% below median visits),2014,cap est
3000,Year 2014 (40% below median visits),2014,cap est
3001,Year 2014 (40% below median visits),2014,cap est
3002,Year 2014 (40% below median visits),2014,cap est
3003,Year 2014 (40% below median visits),2014,cap est
3004,Year 2014 (40% below median visits),2014,cap est
3005,Year 2014 (40% below median visits),2014,cap est
3006,Year 2014 (40% below median visits),2014,cap est
3007,Year 2014 (40% below median visits),2014,cap est
3008,Year 2014 (40% below median visits),2014,cap est
3009,Year 2014 (40% below median visits),2014,cap est
3010,Year 2014 (40% below median visits),2014,cap est
3011,Year 2014 (40% below median visits),2014,cap est
3012,Year 2014 (40% below median visits),2014,cap est
3013,Year 2014 (40% below median visits),2014,cap est
3014,Year 2014 (40% below median visits),2014,cap est
3015,Year 2014 (40% below median visits),2014,cap est
3016,Year 2014 (40% below median visits),2014,cap est
3017,Year 2014 (40% below median visits),2014,cap est
3018,Year 2014 (40% below median visits),2014,cap est
3019,Year 2014 (40% below median visits),2014,cap est
3020,Year 2014 (40% below median visits),2014,cap est
3021,Year 2014 (40% below median visits),2014,cap est
3022,Year 2014 (40% below median visits),2014,cap est
3023,Year 2014 (40% below median visits),2014,cap est
3024,Year 2014 (40% below median visits),2014,cap est
3025,Year 2014 (40% below median visits),2014,cap est
3026,Year 2014 (40% below median visits),2014,cap est
3027,Year 2014 (40% below median visits),2014,cap est
3028,Year 2014 (40% below median visits),2014,cap est
3029,Year 2014 (40% below median visits),2014,cap est
3030,Year 2014 (40% below median visits),2014,cap est
3031,Year 2014 (40% below median visits),2014,forêt la philippe
3032,Year 2014 (40% below median visits),2014,forêt la philippe
3033,Year 2014 (40% below median visits),2014,forêt la philippe
3034,Year 2014 (40% below median visits),2014,forêt la philippe
3035,Year 2014 (40% below median visits),2014,forêt la philippe
3036,Year 2014 (40% below median visits),2014,forêt la philippe
3037,Year 2014 (40% below median visits),2014,forêt la philippe
3038,Year 2014 (40% below median visits),2014,forêt la philippe
3039,Year 2014 (40% below median visits),2014,forêt la philippe
3040,Year 2014 (40% below median visits),2014,forêt la philippe
3041,Year 2014 (40% below median visits),2014,forêt la philippe
3042,Year 2014 (40% below median visits),2014,forêt la philippe
3043,Year 2014 (40% below median visits),2014,forêt la philippe
3044,Year 2014 (40% below median visits),2014,forêt la philippe
3045,Year 2014 (40% below median visits),2014,forêt la philippe
3046,Year 2014 (40% below median visits),2014,forêt la philippe
3047,Year 2014 (40% below median visits),2014,forêt la philippe
3048,Year 2014 (40% below median visits),2014,forêt la philippe
3049,Year 2014 (40% below median visits),2014,forêt la philippe
3050,Year 2014 (40% below median visits),2014,forêt la philippe
3051,Year 2014 (40% below median visits),2014,forêt la philippe
3052,Year 2014 (40% below median visits),2014,forêt la philippe
3053,Year 2014 (40% below median visits),2014,forêt la philippe
3054,Year 2014 (40% below median visits),2014,forêt la philippe
3055,Year 2014 (40% below median visits),2014,forêt la philippe
3056,Year 2014 (40% below median visits),2014,forêt la philippe
3057,Year 2014 (40% below median visits),2014,forêt la philippe
3058,Year 2014 (40% below median visits),2014,forêt la philippe
3059,Year 2014 (40% below median visits),2014,forêt la philippe
3060,Year 2014 (40% below median visits),2014,forêt la philippe
3061,Year 2014 (40% below median visits),2014,forêt la philippe
3062,Year 2014 (40% below median visits),2014,forêt la philippe
3063,Year 2014 (40% below median visits),2014,forêt la philippe
3064,Year 2014 (40% below median visits),2014,forêt la philippe
3065,Year 2014 (40% below median visits),2014,forêt la philippe
3066,Year 2014 (40% below median visits),2014,forêt la philippe
3067,Year 2014 (40% below median visits),2014,forêt la philippe
3068,Year 2014 (40% below median visits),2014,forêt la philippe
3069,Year 2014 (40% below median visits),2014,forêt la philippe
3070,Year 2014 (40% below median visits),2014,forêt la philippe
3071,Year 2014 (40% below median visits),2014,forêt la philippe
3072,Year 2014 (40% below median visits),2014,forêt la philippe
3073,Year 2014 (40% below median visits),2014,forêt la philippe
3074,Year 2014 (40% below median visits),2014,forêt la philippe
3075,Year 2014 (40% below median visits),2014,forêt la philippe
3076,Year 2014 (40% below median visits),2014,forêt la philippe
3077,Year 2014 (40% below median visits),2014,forêt la philippe
3078,Year 2014 (40% below median visits),2014,forêt la philippe
3079,Year 2014 (40% below median visits),2014,forêt la philippe
3080,Year 2014 (40% below median visits),2014,forêt la philippe
3081,Year 2014 (40% below median visits),2014,forêt la philippe
3082,Year 2014 (40% below median visits),2014,forêt la philippe
3083,Year 2014 (40% below median visits),2014,forêt la philippe
3084,Year 2014 (40% below median visits),2014,forêt la philippe
3085,Year 2014 (40% below median visits),2014,forêt la philippe
3086,Year 2014 (40% below median visits),2014,forêt la philippe
3087,Year 2014 (40% below median visits),2014,forêt la philippe
3088,Year 2014 (40% below median visits),2014,forêt la philippe
3089,Year 2014 (40% below median visits),2014,forêt la philippe
3090,Year 2014 (40% below median visits),2014,forêt la philippe
3091,Year 2014 (40% below median visits),2014,forêt la philippe
3092,Year 2014 (40% below median visits),2014,forêt la philippe
3093,Year 2014 (40% below median visits),2014,forêt la philippe
3094,Year 2014 (40% below median visits),2014,forêt la philippe
3095,Year 2014 (40% below median visits),2014,forêt la philippe
3096,Year 2014 (40% below median visits),2014,forêt la philippe
3097,Year 2014 (40% below median visits),2014,forêt la philippe
3098,Year 2014 (40% below median visits),2014,forêt la philippe
3099,Year 2014 (40% below median visits),2014,forêt la philippe
3100,Year 2014 (40% below median visits),2014,forêt la philippe
3101,Year 2014 (40% below median visits),2014,forêt la philippe
3102,Year 2014 (40% below median visits),2014,forêt la philippe
3103,Year 2014 (40% below median visits),2014,forêt la philippe
3104,Year 2014 (40% below median visits),2014,forêt la philippe
3105,Year 2014 (40% below median visits),2014,forêt la philippe
3106,Year 2014 (40% below median visits),2014,forêt la philippe
3107,Year 2014 (40% below median visits),2014,forêt la philippe
3108,Year 2014 (40% below median visits),2014,forêt la philippe
3109,Year 2014 (40% below median visits),2014,forêt la philippe
3110,Year 2014 (40% below median visits),2014,forêt la philippe
3111,Year 2014 (40% below median visits),2014,forêt la philippe
3112,Year 2014 (40% below median visits),2014,forêt la philippe
3113,Year 2014 (40% below median visits),2014,forêt la philippe
3114,Year 2014 (40% below median visits),2014,forêt la philippe
3115,Year 2014 (40% below median visits),2014,forêt la philippe
3116,Year 2014 (40% below median visits),2014,forêt la philippe
3117,Year 2014 (40% below median visits),2014,forêt la philippe
3118,Year 2014 (40% below median visits),2014,forêt la philippe
3119,Year 2014 (40% below median visits),2014,forêt la philippe
3120,Year 2014 (40% below median visits),2014,forêt la philippe
3121,Year 2014 (40% below median visits),2014,forêt la philippe
3122,Year 2014 (40% below median visits),2014,forêt la philippe
3123,Year 2014 (40% below median visits),2014,forêt la philippe
3124,Year 2014 (40% below median visits),2014,forêt la philippe
3125,Year 2014 (40% below median visits),2014,forêt la philippe
3126,Year 2014 (40% below median visits),2014,forêt la philippe
3127,Year 2014 (40% below median visits),2014,forêt la philippe
3128,Year 2014 (40% below median visits),2014,forêt la philippe
3129,Year 2014 (40% below median visits),2014,forêt la philippe
3130,Year 2014 (40% below median visits),2014,forêt la philippe
3131,Year 2014 (40% below median visits),2014,forêt la philippe
3132,Year 2014 (40% below median visits),2014,forêt la philippe
3133,Year 2014 (40% below median visits),2014,forêt la philippe
3134,Year 2014 (40% below median visits),2014,forêt la philippe
3135,Year 2014 (40% below median visits),2014,forêt la philippe
3136,Year 2014 (40% below median visits),2014,forêt la philippe
3137,Year 2014 (40% below median visits),2014,forêt la philippe
3138,Year 2014 (40% below median visits),2014,forêt la philippe
3139,Year 2014 (40% below median visits),2014,forêt la philippe
3140,Year 2014 (40% below median visits),2014,forêt la philippe
3141,Year 2014 (40% below median visits),2014,forêt la philippe
3142,Year 2014 (40% below median visits),2014,forêt la philippe
3143,Year 2014 (40% below median visits),2014,forêt la philippe
3144,Year 2014 (40% below median visits),2014,forêt la philippe
3145,Year 2014 (40% below median visits),2014,forêt la philippe
3146,Year 2014 (40% below median visits),2014,forêt la philippe
3147,Year 2014 (40% below median visits),2014,forêt la philippe
3148,Year 2014 (40% below median visits),2014,forêt la philippe
3149,Year 2014 (40% below median visits),2014,forêt la philippe
3150,Year 2014 (40% below median visits),2014,forêt la philippe
3151,Year 2014 (40% below median visits),2014,forêt la philippe
3152,Year 2014 (40% below median visits),2014,forêt la philippe
3153,Year 2014 (40% below median visits),2014,forêt la philippe
3154,Year 2014 (40% below median visits),2014,bouliki
3155,Year 2014 (40% below median visits),2014,bouliki
3156,Year 2014 (40% below median visits),2014,bouliki
3157,Year 2014 (40% below median visits),2014,bouliki
3158,Year 2014 (40% below median visits),2014,bouliki
3159,Year 2014 (40% below median visits),2014,bouliki
3160,Year 2014 (40% below median visits),2014,bouliki
3161,Year 2014 (40% below median visits),2014,bouliki
3162,Year 2014 (40% below median visits),2014,bouliki
3163,Year 2014 (40% below median visits),2014,bouliki
3164,Year 2014 (40% below median visits),2014,bouliki
3165,Year 2014 (40% below median visits),2014,bouliki
3166,Year 2014 (40% below median visits),2014,bouliki
3167,Year 2014 (40% below median visits),2014,bouliki
3168,Year 2014 (40% below median visits),2014,bouliki
3169,Year 2014 (40% below median visits),2014,bouliki
3170,Year 2014 (40% below median visits),2014,bouliki
3171,Year 2014 (40% below median visits),2014,bouliki
3172,Year 2014 (40% below median visits),2014,bouliki
3173,Year 2014 (40% below median visits),2014,bouliki
3174,Year 2014 (40% below median visits),2014,bouliki
3175,Year 2014 (40% below median visits),2014,bouliki
3176,Year 2014 (40% below median visits),2014,bouliki
3177,Year 2014 (40% below median visits),2014,bouliki
3178,Year 2014 (40% below median visits),2014,bouliki
3179,Year 2014 (40% below median visits),2014,bouliki
3180,Year 2014 (40% below median visits),2014,bouliki
3181,Year 2014 (40% below median visits),2014,bouliki
3182,Year 2014 (40% below median visits),2014,bouliki
3183,Year 2014 (40% below median visits),2014,bouliki
3184,Year 2014 (40% below median visits),2014,bouliki
3185,Year 2014 (40% below median visits),2014,bouliki
3186,Year 2014 (40% below median visits),2014,bouliki
3187,Year 2014 (40% below median visits),2014,bouliki
3188,Year 2014 (40% below median visits),2014,bouliki
3189,Year 2014 (40% below median visits),2014,bouliki
3190,Year 2014 (40% below median visits),2014,bouliki
3191,Year 2014 (40% below median visits),2014,bouliki
3192,Year 2014 (40% below median visits),2014,bouliki
3193,Year 2014 (40% below median visits),2014,bouliki
3194,Year 2014 (40% below median visits),2014,bouliki
3195,Year 2014 (40% below median visits),2014,bouliki
3196,Year 2014 (40% below median visits),2014,bouliki
3197,Year 2014 (40% below median visits),2014,bouliki
3198,Year 2014 (40% below median visits),2014,bouliki
3199,Year 2014 (40% below median visits),2014,bouliki
3200,Year 2014 (40% below median visits),2014,bouliki
3201,Year 2014 (40% below median visits),2014,bouliki
3202,Year 2014 (40% below median visits),2014,bouliki
3203,Year 2014 (40% below median visits),2014,bouliki
3204,Year 2014 (40% below median visits),2014,bouliki
3205,Year 2014 (40% below median visits),2014,bouliki
3206,Year 2014 (40% below median visits),2014,bouliki
3207,Year 2014 (40% below median visits),2014,bouliki
3208,Year 2014 (40% below median visits),2014,bouliki
3209,Year 2014 (40% below median visits),2014,bouliki
3210,Year 2014 (40% below median visits),2014,bouliki
3211,Year 2014 (40% below median visits),2014,bouliki
3212,Year 2014 (40% below median visits),2014,bouliki
3213,Year 2014 (40% below median visits),2014,bouliki
3214,Year 2014 (40% below median visits),2014,bouliki
3215,Year 2014 (40% below median visits),2014,bouliki
3216,Year 2014 (40% below median visits),2014,bouliki
3217,Year 2014 (40% below median visits),2014,bouliki
3218,Year 2014 (40% below median visits),2014,bouliki
3219,Year 2014 (40% below median visits),2014,bouliki
3220,Year 2014 (40% below median visits),2014,bouliki
3221,Year 2014 (40% below median visits),2014,bouliki
3222,Year 2014 (40% below median visits),2014,bouliki
3223,Year 2014 (40% below median visits),2014,bouliki
3224,Year 2014 (40% below median visits),2014,bouliki
3225,Year 2014 (40% below median visits),2014,bouliki
3226,Year 2014 (40% below median visits),2014,bouliki
3227,Year 2014 (40% below median visits),2014,bouliki
3228,Year 2014 (40% below median visits),2014,bouliki
3229,Year 2014 (40% below median visits),2014,bouliki
3230,Year 2014 (40% below median visits),2014,bouliki
3231,Year 2014 (40% below median visits),2014,bouliki
3232,Year 2014 (40% below median visits),2014,bouliki
3233,Year 2014 (40% below median visits),2014,bouliki
3234,Year 2014 (40% below median visits),2014,bouliki
3235,Year 2014 (40% below median visits),2014,bouliki
3236,Year 2014 (40% below median visits),2014,bouliki
3237,Year 2014 (40% below median visits),2014,bouliki
3238,Year 2014 (40% below median visits),2014,bouliki
3239,Year 2014 (40% below median visits),2014,bouliki
3240,Year 2014 (40% below median visits),2014,bouliki
3241,Year 2014 (40% below median visits),2014,bouliki
3242,Year 2014 (40% below median visits),2014,bouliki
3243,Year 2014 (40% below median visits),2014,bouliki
3244,Year 2014 (40% below median visits),2014,bouliki
3245,Year 2014 (40% below median visits),2014,bouliki
3246,Year 2014 (40% below median visits),2014,bouliki
3247,Year 2014 (40% below median visits),2014,bouliki
3248,Year 2014 (40% below median visits),2014,bouliki
3249,Year 2014 (40% below median visits),2014,bouliki
3250,Year 2014 (40% below median visits),2014,bouliki
3251,Year 2014 (40% below median visits),2014,bouliki
3252,Year 2014 (40% below median visits),2014,bouliki
3253,Year 2014 (40% below median visits),2014,bouliki
3254,Year 2014 (40% below median visits),2014,bouliki
3255,Year 2014 (40% below median visits),2014,bouliki
3256,Year 2014 (40% below median visits),2014,bouliki
3257,Year 2014 (40% below median visits),2014,bouliki
3258,Year 2014 (40% below median visits),2014,bouliki
3259,Year 2014 (40% below median visits),2014,bouliki
3260,Year 2014 (40% below median visits),2014,bouliki
3261,Year 2014 (40% below median visits),2014,bouliki
3262,Year 2014 (40% below median visits),2014,bouliki
3263,Year 2014 (40% below median visits),2014,bouliki
3264,Year 2014 (40% below median visits),2014,bouliki
3265,Year 2014 (40% below median visits),2014,trace des caps
3266,Year 2014 (40% below median visits),2014,trace des caps
3267,Year 2014 (40% below median visits),2014,trace des caps
3268,Year 2014 (40% below median visits),2014,trace des caps
3269,Year 2014 (40% below median visits),2014,trace des caps
3270,Year 2014 (40% below median visits),2014,trace des caps
3271,Year 2014 (40% below median visits),2014,trace des caps
3272,Year 2014 (40% below median visits),2014,trace des caps
3273,Year 2014 (40% below median visits),2014,trace des caps
3274,Year 2014 (40% below median visits),2014,trace des caps
3275,Year 2014 (40% below median visits),2014,trace des caps
3276,Year 2014 (40% below median visits),2014,trace des caps
3277,Year 2014 (40% below median visits),2014,trace des caps
3278,Year 2014 (40% below median visits),2014,trace des caps
3279,Year 2014 (40% below median visits),2014,trace des caps
3280,Year 2014 (40% below median visits),2014,trace des caps
3281,Year 2014 (40% below median visits),2014,trace des caps
3282,Year 2014 (40% below median visits),2014,trace des caps
3283,Year 2014 (40% below median visits),2014,trace des caps
3284,Year 2014 (40% below median visits),2014,trace des caps
3285,Year 2014 (40% below median visits),2014,trace des caps
3286,Year 2014 (40% below median visits),2014,trace des caps
3287,Year 2014 (40% below median visits),2014,trace des caps
3288,Year 2014 (40% below median visits),2014,trace des caps
3289,Year 2014 (40% below median visits),2014,trace des caps
3290,Year 2014 (40% below median visits),2014,trace des caps
3291,Year 2014 (40% below median visits),2014,trace des caps
3292,Year 2014 (40% below median visits),2014,trace des caps
3293,Year 2014 (40% below median visits),2014,trace des caps
3294,Year 2014 (40% below median visits),2014,trace des caps
3295,Year 2014 (40% below median visits),2014,trace des caps
3296,Year 2014 (40% below median visits),2014,trace des caps
3297,Year 2014 (40% below median visits),2014,trace des caps
3298,Year 2014 (40% below median visits),2014,trace des caps
3299,Year 2014 (40% below median visits),2014,trace des caps
3300,Year 2014 (40% below median visits),2014,trace des caps
3301,Year 2014 (40% below median visits),2014,trace des caps
3302,Year 2014 (40% below median visits),2014,trace des caps
3303,Year 2014 (40% below median visits),2014,trace des caps
3304,Year 2014 (40% below median visits),2014,trace des caps
3305,Year 2014 (40% below median visits),2014,trace des caps
3306,Year 2014 (40% below median visits),2014,trace des caps
3307,Year 2014 (40% below median visits),2014,trace des caps
3308,Year 2014 (40% below median visits),2014,trace des caps
3309,Year 2014 (40% below median visits),2014,trace des caps
3310,Year 2014 (40% below median visits),2014,trace des caps
3311,Year 2014 (40% below median visits),2014,trace des caps
3312,Year 2014 (40% below median visits),2014,trace des caps
3313,Year 2014 (40% below median visits),2014,trace des caps
3314,Year 2014 (40% below median visits),2014,trace des caps
3315,Year 2014 (40% below median visits),2014,trace des caps
3316,Year 2014 (40% below median visits),2014,trace des caps
3317,Year 2014 (40% below median visits),2014,trace des caps
3318,Year 2014 (40% below median visits),2014,trace des caps
3319,Year 2014 (40% below median visits),2014,trace des caps
3320,Year 2014 (40% below median visits),2014,trace des caps
3321,Year 2014 (40% below median visits),2014,trace des caps
3322,Year 2014 (40% below median visits),2014,trace des caps
3323,Year 2014 (40% below median visits),2014,trace des caps
3324,Year 2014 (40% below median visits),2014,trace des caps
3325,Year 2014 (40% below median visits),2014,trace des caps
3326,Year 2014 (40% below median visits),2014,trace des caps
3327,Year 2014 (40% below median visits),2014,trace des caps
3328,Year 2014 (40% below median visits),2014,trace des caps
3329,Year 2014 (40% below median visits),2014,trace des caps
3330,Year 2014 (40% below median visits),2014,trace des caps
3331,Year 2014 (40% below median visits),2014,trace des caps
3332,Year 2014 (40% below median visits),2014,trace des caps
3333,Year 2014 (40% below median visits),2014,trace des caps
3334,Year 2014 (40% below median visits),2014,trace des caps
3335,Year 2014 (40% below median visits),2014,trace des caps
3336,Year 2014 (40% below median visits),2014,trace des caps
3337,Year 2014 (40% below median visits),2014,trace des caps
3338,Year 2014 (40% below median visits),2014,trace des caps
3339,Year 2014 (40% below median visits),2014,trace des caps
3340,Year 2014 (40% below median visits),2014,trace des caps
3341,Year 2014 (40% below median visits),2014,trace des caps
3342,Year 2014 (40% below median visits),2014,trace des caps
3343,Year 2014 (40% below median visits),2014,trace des caps
3344,Year 2014 (40% below median visits),2014,trace des caps
3345,Year 2014 (40% below median visits),2014,trace des caps
3346,Year 2014 (40% below median visits),2014,trace des caps
3347,Year 2014 (40% below median visits),2014,trace des caps
3348,Year 2014 (40% below median visits),2014,trace des caps
3349,Year 2014 (40% below median visits),2014,trace des caps
3350,Year 2014 (40% below median visits),2014,trace des caps
3351,Year 2014 (40% below median visits),2014,trace des caps
3352,Year 2014 (40% below median visits),2014,trace des caps
3353,Year 2014 (40% below median visits),2014,trace des caps
3354,Year 2014 (40% below median visits),2014,trace des caps
3355,Year 2014 (40% below median visits),2014,trace des caps
3356,Year 2014 (40% below median visits),2014,trace des caps
3357,Year 2014 (40% below median visits),2014,trace des caps
3358,Year 2014 (40% below median visits),2014,trace des caps
3359,Year 2014 (40% below median visits),2014,trace des caps
3360,Year 2014 (40% below median visits),2014,trace des caps
3361,Year 2014 (40% below median visits),2014,trace des caps
3362,Year 2014 (40% below median visits),2014,trace des caps
3363,Year 2014 (40% below median visits),2014,trace des caps
3364,Year 2014 (40% below median visits),2014,trace des caps
3365,Year 2014 (40% below median visits),2014,trace des caps
3366,Year 2014 (40% below median visits),2014,trace des caps
3367,Year 2014 (40% below median visits),2014,trace des caps
3368,Year 2014 (40% below median visits),2014,trace des caps
3369,Year 2014 (40% below median visits),2014,trace des caps
3370,Year 2014 (40% below median visits),2014,trace des caps
3371,Year 2014 (40% below median visits),2014,trace des caps
3372,Year 2014 (40% below median visits),2014,trace des caps
3373,Year 2014 (40% below median visits),2014,trace des caps
3374,Year 2014 (40% below median visits),2014,trace des caps
3375,Year 2014 (40% below median visits),2014,trace des caps
3376,Year 2014 (40% below median visits),2014,trace des caps
3377,Year 2014 (40% below median visits),2014,trace des caps
3378,Year 2014 (40% below median visits),2014,trace des caps
3379,Year 2014 (40% below median visits),2014,trace des caps
3380,Year 2014 (40% below median visits),2014,trace des caps
3381,Year 2014 (40% below median visits),2014,trace des caps
3382,Year 2014 (40% below median visits),2014,trace des caps
3383,Year 2014 (40% below median visits),2014,trace des caps
3384,Year 2014 (40% below median visits),2014,trace des caps
3385,Year 2014 (40% below median visits),2014,morne raquette
3386,Year 2014 (40% below median visits),2014,morne raquette
3387,Year 2014 (40% below median visits),2014,morne raquette
3388,Year 2014 (40% below median visits),2014,morne raquette
3389,Year 2014 (40% below median visits),2014,morne raquette
3390,Year 2014 (40% below median visits),2014,morne raquette
3391,Year 2014 (40% below median visits),2014,morne raquette
3392,Year 2014 (40% below median visits),2014,morne raquette
3393,Year 2014 (40% below median visits),2014,morne raquette
3394,Year 2014 (40% below median visits),2014,morne raquette
3395,Year 2014 (40% below median visits),2014,morne raquette
3396,Year 2014 (40% below median visits),2014,morne raquette
3397,Year 2014 (40% below median visits),2014,morne raquette
3398,Year 2014 (40% below median visits),2014,morne raquette
3399,Year 2014 (40% below median visits),2014,morne raquette
3400,Year 2014 (40% below median visits),2014,morne raquette
3401,Year 2014 (40% below median visits),2014,morne raquette
3402,Year 2014 (40% below median visits),2014,morne raquette
3403,Year 2014 (40% below median visits),2014,morne raquette
3404,Year 2014 (40% below median visits),2014,morne raquette
3405,Year 2014 (40% below median visits),2014,morne raquette
3406,Year 2014 (40% below median visits),2014,morne raquette
3407,Year 2014 (40% below median visits),2014,morne raquette
3408,Year 2014 (40% below median visits),2014,morne raquette
3409,Year 2014 (40% below median visits),2014,morne raquette
3410,Year 2014 (40% below median visits),2014,morne raquette
3411,Year 2014 (40% below median visits),2014,morne raquette
3412,Year 2014 (40% below median visits),2014,morne raquette
3413,Year 2014 (40% below median visits),2014,morne raquette
3414,Year 2014 (40% below median visits),2014,morne raquette
3415,Year 2014 (40% below median visits),2014,morne raquette
3416,Year 2014 (40% below median visits),2014,morne raquette
3417,Year 2014 (40% below median visits),2014,morne raquette
3418,Year 2014 (40% below median visits),2014,morne raquette
3419,Year 2014 (40% below median visits),2014,morne raquette
3420,Year 2014 (40% below median visits),2014,morne raquette
3421,Year 2014 (40% below median visits),2014,morne raquette
3422,Year 2014 (40% below median visits),2014,morne raquette
3423,Year 2014 (40% below median visits),2014,morne raquette
3424,Year 2014 (40% below median visits),2014,morne raquette
3425,Year 2014 (40% below median visits),2014,morne raquette
3426,Year 2014 (40% below median visits),2014,morne raquette
3427,Year 2014 (40% below median visits),2014,morne raquette
3428,Year 2014 (40% below median visits),2014,morne raquette
3429,Year 2014 (40% below median visits),2014,morne raquette
3430,Year 2014 (40% below median visits),2014,morne raquette
3431,Year 2014 (40% below median visits),2014,morne raquette
3432,Year 2014 (40% below median visits),2014,morne raquette
3433,Year 2014 (40% below median visits),2014,morne raquette
3434,Year 2014 (40% below median visits),2014,morne raquette
3435,Year 2014 (40% below median visits),2014,morne raquette
3436,Year 2014 (40% below median visits),2014,morne raquette
3437,Year 2014 (40% below median visits),2014,morne raquette
3438,Year 2014 (40% below median visits),2014,morne raquette
3439,Year 2014 (40% below median visits),2014,morne raquette
3440,Year 2014 (40% below median visits),2014,morne raquette
3441,Year 2014 (40% below median visits),2014,morne raquette
3442,Year 2014 (40% below median visits),2014,morne raquette
3443,Year 2014 (40% below median visits),2014,morne raquette
3444,Year 2014 (40% below median visits),2014,morne raquette
3445,Year 2014 (40% below median visits),2014,morne raquette
3446,Year 2014 (40% below median visits),2014,morne raquette
3447,Year 2014 (40% below median visits),2014,morne raquette
3448,Year 2014 (40% below median visits),2014,morne raquette
3449,Year 2014 (40% below median visits),2014,morne raquette
3450,Year 2014 (40% below median visits),2014,morne raquette
3451,Year 2014 (40% below median visits),2014,morne raquette
3452,Year 2014 (40% below median visits),2014,morne raquette
3453,Year 2014 (40% below median visits),2014,morne raquette
3454,Year 2014 (40% below median visits),2014,morne raquette
3455,Year 2014 (40% below median visits),2014,morne raquette
3456,Year 2014 (40% below median visits),2014,morne raquette
3457,Year 2014 (40% below median visits),2014,morne raquette
3458,Year 2014 (40% below median visits),2014,morne raquette
3459,Year 2014 (40% below median visits),2014,morne raquette
3460,Year 2014 (40% below median visits),2014,morne raquette
3461,Year 2014 (40% below median visits),2014,morne raquette
3462,Year 2014 (40% below median visits),2014,morne raquette
3463,Year 2014 (40% below median visits),2014,morne raquette
3464,Year 2014 (40% below median visits),2014,morne raquette
3465,Year 2014 (40% below median visits),2014,morne raquette
3466,Year 2014 (40% below median visits),2014,morne raquette
3467,Year 2014 (40% below median visits),2014,morne raquette
3468,Year 2014 (40% below median visits),2014,morne raquette
3469,Year 2014 (40% below median visits),2014,morne raquette
3470,Year 2014 (40% below median visits),2014,morne raquette
3471,Year 2014 (40% below median visits),2014,morne raquette
3472,Year 2014 (40% below median visits),2014,morne raquette
3473,Year 2014 (40% below median visits),2014,morne raquette
3474,Year 2014 (40% below median visits),2014,morne raquette
3475,Year 2014 (40% below median visits),2014,morne raquette
3476,Year 2014 (40% below median visits),2014,morne raquette
3477,Year 2014 (40% below median visits),2014,morne raquette
3478,Year 2014 (40% below median visits),2014,morne raquette
3479,Year 2014 (40% below median visits),2014,morne raquette
3480,Year 2014 (40% below median visits),2014,morne raquette
3481,Year 2014 (40% below median visits),2014,morne raquette
3482,Year 2014 (40% below median visits),2014,morne raquette
3483,Year 2014 (40% below median visits),2014,morne raquette
3484,Year 2014 (40% below median visits),2014,morne raquette
3485,Year 2014 (40% below median visits),2014,morne raquette
3486,Year 2014 (40% below median visits),2014,morne raquette
3487,Year 2014 (40% below median visits),2014,morne raquette
3488,Year 2014 (40% below median visits),2014,morne raquette
3489,Year 2014 (40% below median visits),2014,morne raquette
3490,Year 2014 (40% below median visits),2014,morne raquette
3491,Year 2014 (40% below median visits),2014,morne raquette
3492,Year 2014 (40% below median visits),2014,morne raquette
3493,Year 2014 (40% below median visits),2014,morne raquette
3494,Year 2014 (40% below median visits),2014,morne raquette
3495,Year 2014 (40% below median visits),2014,morne raquette
3496,Year 2014 (40% below median visits),2014,morne raquette
3497,Year 2014 (40% below median visits),2014,morne raquette
3498,Year 2014 (40% below median visits),2014,morne raquette
3499,Year 2014 (40% below median visits),2014,morne raquette
3500,Year 2014 (40% below median visits),2014,morne raquette
3501,Year 2014 (40% below median visits),2014,morne raquette
3502,Year 2014 (40% below median visits),2014,morne raquette
3503,Year 2014 (40% below median visits),2014,morne raquette
3504,Year 2014 (40% below median visits),2014,morne raquette
3505,Year 2014 (40% below median visits),2014,morne raquette
3506,Year 2014 (40% below median visits),2014,morne raquette
3507,Year 2014 (40% below median visits),2014,morne raquette
3508,Year 2014 (40% below median visits),2014,morne raquette
3509,Year 2014 (40% below median visits),2014,morne raquette
3510,Year 2014 (40% below median visits),2014,morne raquette
3511,Year 2014 (40% below median visits),2014,morne raquette
3512,Year 2014 (40% below median visits),2014,morne raquette
3513,Year 2014 (40% below median visits),2014,morne raquette
3514,Year 2014 (40% below median visits),2014,morne raquette
3515,Year 2014 (40% below median visits),2014,morne raquette
3516,Year 2014 (40% below median visits),2014,morne raquette
3517,Year 2014 (40% below median visits),2014,morne raquette
3518,Year 2014 (40% below median visits),2014,morne raquette
3519,Year 2014 (40% below median visits),2014,morne raquette
3520,Year 2014 (40% below median visits),2014,morne raquette
3521,Year 2014 (40% below median visits),2014,morne raquette
3522,Year 2014 (40% below median visits),2014,morne raquette
3523,Year 2014 (40% below median visits),2014,morne raquette
3524,Year 2014 (40% below median visits),2014,morne raquette
3525,Year 2014 (40% below median visits),2014,morne raquette
3526,Year 2014 (40% below median visits),2014,morne raquette
3527,Year 2014 (40% below median visits),2014,morne raquette
3528,Year 2014 (40% below median visits),2014,morne raquette
3529,Year 2014 (40% below median visits),2014,morne raquette
3530,Year 2014 (40% below median visits),2014,morne raquette
3531,Year 2014 (40% below median visits),2014,morne raquette
3532,Year 2014 (40% below median visits),2014,morne raquette
3533,Year 2014 (40% below median visits),2014,morne raquette
3534,Year 2014 (40% below median visits),2014,morne raquette
3535,Year 2014 (40% below median visits),2014,morne raquette
3536,Year 2014 (40% below median visits),2014,morne raquette
3537,Year 2014 (40% below median visits),2014,morne raquette
3538,Year 2014 (40% below median visits),2014,morne raquette
3539,Year 2014 (40% below median visits),2014,morne raquette
3540,Year 2014 (40% below median visits),2014,morne raquette
3541,Year 2014 (40% below median visits),2014,morne raquette
3542,Year 2014 (40% below median visits),2014,morne raquette
3543,Year 2014 (40% below median visits),2014,morne raquette
3544,Year 2014 (40% below median visits),2014,morne raquette
3545,Year 2014 (40% below median visits),2014,morne raquette
3546,Year 2014 (40% below median visits),2014,morne raquette
3547,Year 2014 (40% below median visits),2014,morne raquette
3548,Year 2014 (40% below median visits),2014,morne raquette
3549,Year 2014 (40% below median visits),2014,morne raquette
3550,Year 2014 (40% below median visits),2014,morne raquette
3551,Year 2014 (40% below median visits),2014,morne raquette
3552,Year 2014 (40% below median visits),2014,morne raquette
3553,Year 2014 (40% below median visits),2014,morne raquette
3554,Year 2014 (40% below median visits),2014,morne raquette
3555,Year 2014 (40% below median visits),2014,morne raquette
3556,Year 2014 (40% below median visits),2014,morne raquette
3557,Year 2014 (40% below median visits),2014,morne raquette
3558,Year 2014 (40% below median visits),2014,morne raquette
3559,Year 2014 (40% below median visits),2014,morne raquette
3560,Year 2014 (40% below median visits),2014,morne raquette
3561,Year 2014 (40% below median visits),2014,morne raquette
3562,Year 2014 (40% below median visits),2014,fond rousseau
3563,Year 2014 (40% below median visits),2014,fond rousseau
3564,Year 2014 (40% below median visits),2014,fond rousseau
3565,Year 2014 (40% below median visits),2014,fond rousseau
3566,Year 2014 (40% below median visits),2014,fond rousseau
3567,Year 2014 (40% below median visits),2014,fond rousseau
3568,Year 2014 (40% below median visits),2014,fond rousseau
3569,Year 2014 (40% below median visits),2014,fond rousseau
3570,Year 2014 (40% below median visits),2014,fond rousseau
3571,Year 2014 (40% below median visits),2014,fond rousseau
3572,Year 2014 (40% below median visits),2014,fond rousseau
3573,Year 2014 (40% below median visits),2014,fond rousseau
3574,Year 2014 (40% below median visits),2014,fond rousseau
3575,Year 2014 (40% below median visits),2014,fond rousseau
3576,Year 2014 (40% below median visits),2014,fond rousseau
3577,Year 2014 (40% below median visits),2014,fond rousseau
3578,Year 2014 (40% below median visits),2014,fond rousseau
3579,Year 2014 (40% below median visits),2014,fond rousseau
3580,Year 2014 (40% below median visits),2014,fond rousseau
3581,Year 2014 (40% below median visits),2014,fond rousseau
3582,Year 2014 (40% below median visits),2014,fond rousseau
3583,Year 2014 (40% below median visits),2014,fond rousseau
3584,Year 2014 (40% below median visits),2014,fond rousseau
3585,Year 2014 (40% below median visits),2014,fond rousseau
3586,Year 2014 (40% below median visits),2014,fond rousseau
3587,Year 2014 (40% below median visits),2014,fond rousseau
3588,Year 2014 (40% below median visits),2014,fond rousseau
3589,Year 2014 (40% below median visits),2014,fond rousseau
3590,Year 2014 (40% below median visits),2014,fond rousseau
3591,Year 2014 (40% below median visits),2014,fond rousseau
3592,Year 2014 (40% below median visits),2014,fond rousseau
3593,Year 2014 (40% below median visits),2014,fond rousseau
3594,Year 2014 (40% below median visits),2014,fond rousseau
3595,Year 2014 (40% below median visits),2014,fond rousseau
3596,Year 2014 (40% below median visits),2014,fond rousseau
3597,Year 2014 (40% below median visits),2014,fond rousseau
3598,Year 2014 (40% below median visits),2014,fond rousseau
3599,Year 2014 (40% below median visits),2014,fond rousseau
3600,Year 2014 (40% below median visits),2014,fond rousseau
3601,Year 2014 (40% below median visits),2014,fond rousseau
3602,Year 2014 (40% below median visits),2014,fond rousseau
3603,Year 2014 (40% below median visits),2014,fond rousseau
3604,Year 2014 (40% below median visits),2014,fond rousseau
3605,Year 2014 (40% below median visits),2014,fond rousseau
3606,Year 2014 (40% below median visits),2014,fond rousseau
3607,Year 2014 (40% below median visits),2014,fond rousseau
3608,Year 2014 (40% below median visits),2014,fond rousseau
3609,Year 2014 (40% below median visits),2014,fond rousseau
3610,Year 2014 (40% below median visits),2014,fond rousseau
3611,Year 2014 (40% below median visits),2014,fond rousseau
3612,Year 2014 (40% below median visits),2014,fond rousseau
3613,Year 2014 (40% below median visits),2014,fond rousseau
3614,Year 2014 (40% below median visits),2014,fond rousseau
3615,Year 2014 (40% below median visits),2014,fond rousseau
3616,Year 2014 (40% below median visits),2014,fond rousseau
3617,Year 2014 (40% below median visits),2014,fond rousseau
3618,Year 2014 (40% below median visits),2014,fond rousseau
3619,Year 2014 (40% below median visits),2014,fond rousseau
3620,Year 2014 (40% below median visits),2014,fond rousseau
3621,Year 2014 (40% below median visits),2014,fond rousseau
3622,Year 2014 (40% below median visits),2014,fond rousseau
3623,Year 2014 (40% below median visits),2014,fond rousseau
3624,Year 2014 (40% below median visits),2014,fond rousseau
3625,Year 2014 (40% below median visits),2014,fond rousseau
3626,Year 2014 (40% below median visits),2014,fond rousseau
3627,Year 2014 (40% below median visits),2014,fond rousseau
3628,Year 2014 (40% below median visits),2014,fond rousseau
3629,Year 2014 (40% below median visits),2014,fond rousseau
3630,Year 2014 (40% below median visits),2014,fond rousseau
3631,Year 2014 (40% below median visits),2014,fond rousseau
3632,Year 2014 (40% below median visits),2014,fond rousseau
3633,Year 2014 (40% below median visits),2014,fond rousseau
3634,Year 2014 (40% below median visits),2014,fond rousseau
3635,Year 2014 (40% below median visits),2014,fond rousseau
3636,Year 2014 (40% below median visits),2014,fond rousseau
3637,Year 2014 (40% below median visits),2014,fond rousseau
3638,Year 2014 (40% below median visits),2014,fond rousseau
3639,Year 2014 (40% below median visits),2014,fond rousseau
3640,Year 2014 (40% below median visits),2014,fond rousseau
3641,Year 2014 (40% below median visits),2014,fond rousseau
3642,Year 2014 (40% below median visits),2014,fond rousseau
3643,Year 2014 (40% below median visits),2014,fond rousseau
3644,Year 2014 (40% below median visits),2014,fond rousseau
3645,Year 2014 (40% below median visits),2014,fond rousseau
3646,Year 2014 (40% below median visits),2014,fond rousseau
3647,Year 2014 (40% below median visits),2014,fond rousseau
3648,Year 2014 (40% below median visits),2014,fond rousseau
3649,Year 2014 (40% below median visits),2014,fond rousseau
3650,Year 2014 (40% below median visits),2014,fond rousseau
3651,Year 2014 (40% below median visits),2014,fond rousseau
3652,Year 2014 (40% below median visits),2014,fond rousseau
3653,Year 2014 (40% below median visits),2014,fond rousseau
3654,Year 2014 (40% below median visits),2014,fond rousseau
3655,Year 2014 (40% below median visits),2014,fond rousseau
3656,Year 2014 (40% below median visits),2014,fond rousseau
3657,Year 2014 (40% below median visits),2014,fond rousseau
3658,Year 2014 (40% below median visits),2014,fond rousseau
3659,Year 2014 (40% below median visits),2014,fond rousseau
3660,Year 2014 (40% below median visits),2014,fond rousseau
3661,Year 2014 (40% below median visits),2014,fond rousseau
3662,Year 2014 (40% below median visits),2014,fond rousseau
3663,Year 2014 (40% below median visits),2014,fond rousseau
3664,Year 2014 (40% below median visits),2014,fond rousseau
3665,Year 2014 (40% below median visits),2014,fond rousseau
3666,Year 2014 (40% below median visits),2014,fond rousseau
3667,Year 2014 (40% below median visits),2014,fond rousseau
3668,Year 2014 (40% below median visits),2014,fond rousseau
3669,Year 2014 (40% below median visits),2014,fond rousseau
3670,Year 2014 (40% below median visits),2014,fond rousseau
3671,Year 2014 (40% below median visits),2014,fond rousseau
3672,Year 2014 (40% below median visits),2014,fond rousseau
3673,Year 2014 (40% below median visits),2014,fond rousseau
3674,Year 2014 (40% below median visits),2014,fond rousseau
3675,Year 2014 (40% below median visits),2014,fond rousseau
3676,Year 2014 (40% below median visits),2014,fond rousseau
3677,Year 2014 (40% below median visits),2014,fond rousseau
3678,Year 2014 (40% below median visits),2014,fond rousseau
3679,Year 2014 (40% below median visits),2014,fond rousseau
3680,Year 2014 (40% below median visits),2014,fond rousseau
3681,Year 2014 (40% below median visits),2014,fond rousseau
3682,Year 2014 (40% below median visits),2014,fond rousseau
3683,Year 2014 (40% below median visits),2014,fond rousseau
3684,Year 2014 (40% below median visits),2014,fond rousseau
3685,Year 2014 (40% below median visits),2014,fond rousseau
3686,Year 2014 (40% below median visits),2014,fond rousseau
3687,Year 2014 (40% below median visits),2014,fond rousseau
3688,Year 2014 (40% below median visits),2014,fond rousseau
3689,Year 2014 (40% below median visits),2014,fond rousseau
3690,Year 2014 (40% below median visits),2014,fond rousseau
3691,Year 2014 (40% below median visits),2014,fond rousseau
3692,Year 2014 (40% below median visits),2014,fond rousseau
3693,Year 2014 (40% below median visits),2014,moulin à vent
3694,Year 2014 (40% below median visits),2014,moulin à vent
3695,Year 2014 (40% below median visits),2014,moulin à vent
3696,Year 2014 (40% below median visits),2014,moulin à vent
3697,Year 2014 (40% below median visits),2014,moulin à vent
3698,Year 2014 (40% below median visits),2014,moulin à vent
3699,Year 2014 (40% below median visits),2014,moulin à vent
3700,Year 2014 (40% below median visits),2014,moulin à vent
3701,Year 2014 (40% below median visits),2014,moulin à vent
3702,Year 2014 (40% below median visits),2014,moulin à vent
3703,Year 2014 (40% below median visits),2014,moulin à vent
3704,Year 2014 (40% below median visits),2014,moulin à vent
3705,Year 2014 (40% below median visits),2014,moulin à vent
3706,Year 2014 (40% below median visits),2014,moulin à vent
3707,Year 2014 (40% below median visits),2014,moulin à vent
3708,Year 2014 (40% below median visits),2014,moulin à vent
3709,Year 2014 (40% below median visits),2014,moulin à vent
3710,Year 2014 (40% below median visits),2014,moulin à vent
3711,Year 2014 (40% below median visits),2014,moulin à vent
3712,Year 2014 (40% below median visits),2014,moulin à vent
3713,Year 2014 (40% below median visits),2014,moulin à vent
3714,Year 2014 (40% below median visits),2014,moulin à vent
3715,Year 2014 (40% below median visits),2014,moulin à vent
3716,Year 2014 (40% below median visits),2014,moulin à vent
3717,Year 2014 (40% below median visits),2014,moulin à vent
3718,Year 2014 (40% below median visits),2014,moulin à vent
3719,Year 2014 (40% below median visits),2014,moulin à vent
3720,Year 2014 (40% below median visits),2014,moulin à vent
3721,Year 2014 (40% below median visits),2014,moulin à vent
3722,Year 2014 (40% below median visits),2014,moulin à vent
3723,Year 2014 (40% below median visits),2014,moulin à vent
3724,Year 2014 (40% below median visits),2014,moulin à vent
3725,Year 2014 (40% below median visits),2014,moulin à vent
3726,Year 2014 (40% below median visits),2014,moulin à vent
3727,Year 2014 (40% below median visits),2014,moulin à vent
3728,Year 2014 (40% below median visits),2014,moulin à vent
3729,Year 2014 (40% below median visits),2014,moulin à vent
3730,Year 2014 (40% below median visits),2014,moulin à vent
3731,Year 2014 (40% below median visits),2014,moulin à vent
3732,Year 2014 (40% below median visits),2014,moulin à vent
3733,Year 2014 (40% below median visits),2014,moulin à vent
3734,Year 2014 (40% below median visits),2014,moulin à vent
3735,Year 2014 (40% below median visits),2014,moulin à vent
3736,Year 2014 (40% below median visits),2014,moulin à vent
3737,Year 2014 (40% below median visits),2014,moulin à vent
3738,Year 2014 (40% below median visits),2014,moulin à vent
3739,Year 2014 (40% below median visits),2014,moulin à vent
3740,Year 2014 (40% below median visits),2014,moulin à vent
3741,Year 2014 (40% below median visits),2014,moulin à vent
3742,Year 2014 (40% below median visits),2014,moulin à vent
3743,Year 2014 (40% below median visits),2014,moulin à vent
3744,Year 2014 (40% below median visits),2014,moulin à vent
3745,Year 2014 (40% below median visits),2014,moulin à vent
3746,Year 2014 (40% below median visits),2014,moulin à vent
3747,Year 2014 (40% below median visits),2014,moulin à vent
3748,Year 2014 (40% below median visits),2014,moulin à vent
3749,Year 2014 (40% below median visits),2014,moulin à vent
3750,Year 2014 (40% below median visits),2014,moulin à vent
3751,Year 2014 (40% below median visits),2014,moulin à vent
3752,Year 2014 (40% below median visits),2014,moulin à vent
3753,Year 2014 (40% below median visits),2014,moulin à vent
3754,Year 2014 (40% below median visits),2014,moulin à vent
3755,Year 2014 (40% below median visits),2014,moulin à vent
3756,Year 2014 (40% below median visits),2014,moulin à vent
3757,Year 2014 (40% below median visits),2014,moulin à vent
3758,Year 2014 (40% below median visits),2014,moulin à vent
3759,Year 2014 (40% below median visits),2014,moulin à vent
3760,Year 2014 (40% below median visits),2014,moulin à vent
3761,Year 2014 (40% below median visits),2014,moulin à vent
3762,Year 2014 (40% below median visits),2014,moulin à vent
3763,Year 2014 (40% below median visits),2014,moulin à vent
3764,Year 2014 (40% below median visits),2014,moulin à vent
3765,Year 2014 (40% below median visits),2014,moulin à vent
3766,Year 2014 (40% below median visits),2014,moulin à vent
3767,Year 2014 (40% below median visits),2014,moulin à vent
3768,Year 2014 (40% below median visits),2014,moulin à vent
3769,Year 2014 (40% below median visits),2014,moulin à vent
3770,Year 2014 (40% below median visits),2014,moulin à vent
3771,Year 2014 (40% below median visits),2014,moulin à vent
3772,Year 2014 (40% below median visits),2014,moulin à vent
3773,Year 2014 (40% below median visits),2014,moulin à vent
3774,Year 2014 (40% below median visits),2014,moulin à vent
3775,Year 2014 (40% below median visits),2014,moulin à vent
3776,Year 2014 (40% below median visits),2014,moulin à vent
3777,Year 2014 (40% below median visits),2014,moulin à vent
3778,Year 2014 (40% below median visits),2014,moulin à vent
3779,Year 2014 (40% below median visits),2014,moulin à vent
3780,Year 2014 (40% below median visits),2014,moulin à vent
3781,Year 2014 (40% below median visits),2014,moulin à vent
3782,Year 2014 (40% below median visits),2014,moulin à vent
3783,Year 2014 (40% below median visits),2014,moulin à vent
3784,Year 2014 (40% below median visits),2014,moulin à vent
3785,Year 2014 (40% below median visits),2014,moulin à vent
3786,Year 2014 (40% below median visits),2014,moulin à vent
3787,Year 2014 (40% below median visits),2014,moulin à vent
3788,Year 2014 (40% below median visits),2014,moulin à vent
3789,Year 2014 (40% below median visits),2014,moulin à vent
3790,Year 2014 (40% below median visits),2014,moulin à vent
3791,Year 2014 (40% below median visits),2014,moulin à vent
3792,Year 2014 (40% below median visits),2014,moulin à vent
3793,Year 2014 (40% below median visits),2014,moulin à vent
3794,Year 2014 (40% below median visits),2014,moulin à vent
3795,Year 2014 (40% below median visits),2014,moulin à vent
3796,Year 2014 (40% below median visits),2014,moulin à vent
3797,Year 2014 (40% below median visits),2014,moulin à vent
3798,Year 2014 (40% below median visits),2014,moulin à vent
3799,Year 2014 (40% below median visits),2014,moulin à vent
3800,Year 2014 (40% below median visits),2014,moulin à vent
3801,Year 2014 (40% below median visits),2014,moulin à vent
3802,Year 2014 (40% below median visits),2014,moulin à vent
3803,Year 2014 (40% below median visits),2014,moulin à vent
3804,Year 2014 (40% below median visits),2014,habitation petite rivière
3805,Year 2014 (40% below median visits),2014,habitation petite rivière
3806,Year 2014 (40% below median visits),2014,habitation petite rivière
3807,Year 2014 (40% below median visits),2014,habitation petite rivière
3808,Year 2014 (40% below median visits),2014,habitation petite rivière
3809,Year 2014 (40% below median visits),2014,habitation petite rivière
3810,Year 2014 (40% below median visits),2014,habitation petite rivière
3811,Year 2014 (40% below median visits),2014,habitation petite rivière
3812,Year 2014 (40% below median visits),2014,habitation petite rivière
3813,Year 2014 (40% below median visits),2014,habitation petite rivière
3814,Year 2014 (40% below median visits),2014,habitation petite rivière
3815,Year 2014 (40% below median visits),2014,habitation petite rivière
3816,Year 2014 (40% below median visits),2014,habitation petite rivière
3817,Year 2014 (40% below median visits),2014,habitation petite rivière
3818,Year 2014 (40% below median visits),2014,habitation petite rivière
3819,Year 2014 (40% below median visits),2014,habitation petite rivière
3820,Year 2014 (40% below median visits),2014,habitation petite rivière
3821,Year 2014 (40% below median visits),2014,habitation petite rivière
3822,Year 2014 (40% below median visits),2014,habitation petite rivière
3823,Year 2014 (40% below median visits),2014,habitation petite rivière
3824,Year 2014 (40% below median visits),2014,habitation petite rivière
3825,Year 2014 (40% below median visits),2014,habitation petite rivière
3826,Year 2014 (40% below median visits),2014,habitation petite rivière
3827,Year 2014 (40% below median visits),2014,habitation petite rivière
3828,Year 2014 (40% below median visits),2014,habitation petite rivière
3829,Year 2014 (40% below median visits),2014,habitation petite rivière
3830,Year 2014 (40% below median visits),2014,habitation petite rivière
3831,Year 2014 (40% below median visits),2014,habitation petite rivière
3832,Year 2014 (40% below median visits),2014,habitation petite rivière
3833,Year 2014 (40% below median visits),2014,habitation petite rivière
3834,Year 2014 (40% below median visits),2014,habitation petite rivière
3835,Year 2014 (40% below median visits),2014,habitation petite rivière
3836,Year 2014 (40% below median visits),2014,habitation petite rivière
3837,Year 2014 (40% below median visits),2014,habitation petite rivière
3838,Year 2014 (40% below median visits),2014,habitation petite rivière
3839,Year 2014 (40% below median visits),2014,habitation petite rivière
3840,Year 2014 (40% below median visits),2014,habitation petite rivière
3841,Year 2014 (40% below median visits),2014,habitation petite rivière
3842,Year 2014 (40% below median visits),2014,habitation petite rivière
3843,Year 2014 (40% below median visits),2014,habitation petite rivière
3844,Year 2014 (40% below median visits),2014,habitation petite rivière
3845,Year 2014 (40% below median visits),2014,habitation petite rivière
3846,Year 2014 (40% below median visits),2014,habitation petite rivière
3847,Year 2014 (40% below median visits),2014,habitation petite rivière
3848,Year 2014 (40% below median visits),2014,habitation petite rivière
3849,Year 2014 (40% below median visits),2014,habitation petite rivière
3850,Year 2014 (40% below median visits),2014,habitation petite rivière
3851,Year 2014 (40% below median visits),2014,habitation petite rivière
3852,Year 2014 (40% below median visits),2014,habitation petite rivière
3853,Year 2014 (40% below median visits),2014,habitation petite rivière
3854,Year 2014 (40% below median visits),2014,habitation petite rivière
3855,Year 2014 (40% below median visits),2014,habitation petite rivière
3856,Year 2014 (40% below median visits),2014,habitation petite rivière
3857,Year 2014 (40% below median visits),2014,habitation petite rivière
3858,Year 2014 (40% below median visits),2014,habitation petite rivière
3859,Year 2014 (40% below median visits),2014,habitation petite rivière
3860,Year 2014 (40% below median visits),2014,habitation petite rivière
3861,Year 2014 (40% below median visits),2014,habitation petite rivière
3862,Year 2014 (40% below median visits),2014,habitation petite rivière
3863,Year 2014 (40% below median visits),2014,habitation petite rivière
3864,Year 2014 (40% below median visits),2014,habitation petite rivière
3865,Year 2014 (40% below median visits),2014,habitation petite rivière
3866,Year 2014 (40% below median visits),2014,habitation petite rivière
3867,Year 2014 (40% below median visits),2014,habitation petite rivière
3868,Year 2014 (40% below median visits),2014,habitation petite rivière
3869,Year 2014 (40% below median visits),2014,habitation petite rivière
3870,Year 2014 (40% below median visits),2014,habitation petite rivière
3871,Year 2014 (40% below median visits),2014,habitation petite rivière
3872,Year 2014 (40% below median visits),2014,habitation petite rivière
3873,Year 2014 (40% below median visits),2014,habitation petite rivière
3874,Year 2014 (40% below median visits),2014,habitation petite rivière
3875,Year 2014 (40% below median visits),2014,habitation petite rivière
3876,Year 2014 (40% below median visits),2014,habitation petite rivière
3877,Year 2014 (40% below median visits),2014,habitation petite rivière
3878,Year 2014 (40% below median visits),2014,habitation petite rivière
3879,Year 2014 (40% below median visits),2014,habitation petite rivière
3880,Year 2014 (40% below median visits),2014,habitation petite rivière
3881,Year 2014 (40% below median visits),2014,habitation petite rivière
3882,Year 2014 (40% below median visits),2014,habitation petite rivière
3883,Year 2014 (40% below median visits),2014,habitation petite rivière
3884,Year 2014 (40% below median visits),2014,habitation petite rivière
3885,Year 2014 (40% below median visits),2014,habitation petite rivière
3886,Year 2014 (40% below median visits),2014,habitation petite rivière
3887,Year 2014 (40% below median visits),2014,habitation petite rivière
3888,Year 2014 (40% below median visits),2014,habitation petite rivière
3889,Year 2014 (40% below median visits),2014,habitation petite rivière
3890,Year 2014 (40% below median visits),2014,habitation petite rivière
3891,Year 2014 (40% below median visits),2014,habitation petite rivière
3892,Year 2014 (40% below median visits),2014,habitation petite rivière
3893,Year 2014 (40% below median visits),2014,habitation petite rivière
3894,Year 2014 (40% below median visits),2014,habitation petite rivière
3895,Year 2014 (40% below median visits),2014,habitation petite rivière
3896,Year 2014 (40% below median visits),2014,habitation petite rivière
3897,Year 2014 (40% below median visits),2014,habitation petite rivière
3898,Year 2014 (40% below median visits),2014,habitation petite rivière
3899,Year 2014 (40% below median visits),2014,habitation petite rivière
3900,Year 2014 (40% below median visits),2014,habitation petite rivière
3901,Year 2014 (40% below median visits),2014,habitation petite rivière
3902,Year 2014 (40% below median visits),2014,habitation petite rivière
3903,Year 2014 (40% below median visits),2014,habitation petite rivière
3904,Year 2014 (40% below median visits),2014,habitation petite rivière
3905,Year 2014 (40% below median visits),2014,morne babet
3906,Year 2014 (40% below median visits),2014,morne babet
3907,Year 2014 (40% below median visits),2014,morne babet
3908,Year 2014 (40% below median visits),2014,morne babet
3909,Year 2014 (40% below median visits),2014,morne babet
3910,Year 2014 (40% below median visits),2014,morne babet
3911,Year 2014 (40% below median visits),2014,morne babet
3912,Year 2014 (40% below median visits),2014,morne babet
3913,Year 2014 (40% below median visits),2014,morne babet
3914,Year 2014 (40% below median visits),2014,morne babet
3915,Year 2014 (40% below median visits),2014,morne babet
3916,Year 2014 (40% below median visits),2014,morne babet
3917,Year 2014 (40% below median visits),2014,morne babet
3918,Year 2014 (40% below median visits),2014,morne babet
3919,Year 2014 (40% below median visits),2014,morne babet
3920,Year 2014 (40% below median visits),2014,morne babet
3921,Year 2014 (40% below median visits),2014,morne babet
3922,Year 2014 (40% below median visits),2014,morne babet
3923,Year 2014 (40% below median visits),2014,morne babet
3924,Year 2014 (40% below median visits),2014,morne babet
3925,Year 2014 (40% below median visits),2014,morne babet
3926,Year 2014 (40% below median visits),2014,morne babet
3927,Year 2014 (40% below median visits),2014,morne babet
3928,Year 2014 (40% below median visits),2014,morne babet
3929,Year 2014 (40% below median visits),2014,morne babet
3930,Year 2014 (40% below median visits),2014,morne babet
3931,Year 2014 (40% below median visits),2014,morne babet
3932,Year 2014 (40% below median visits),2014,morne babet
3933,Year 2014 (40% below median visits),2014,morne babet
3934,Year 2014 (40% below median visits),2014,morne babet
3935,Year 2014 (40% below median visits),2014,morne babet
3936,Year 2014 (40% below median visits),2014,morne babet
3937,Year 2014 (40% below median visits),2014,morne babet
3938,Year 2014 (40% below median visits),2014,morne babet
3939,Year 2014 (40% below median visits),2014,morne babet
3940,Year 2014 (40% below median visits),2014,morne babet
3941,Year 2014 (40% below median visits),2014,morne babet
3942,Year 2014 (40% below median visits),2014,morne babet
3943,Year 2014 (40% below median visits),2014,morne babet
3944,Year 2014 (40% below median visits),2014,morne babet
3945,Year 2014 (40% below median visits),2014,morne babet
3946,Year 2014 (40% below median visits),2014,morne babet
3947,Year 2014 (40% below median visits),2014,morne babet
3948,Year 2014 (40% below median visits),2014,morne babet
3949,Year 2014 (40% below median visits),2014,morne babet
3950,Year 2014 (40% below median visits),2014,morne babet
3951,Year 2014 (40% below median visits),2014,morne babet
3952,Year 2014 (40% below median visits),2014,morne babet
3953,Year 2014 (40% below median visits),2014,morne babet
3954,Year 2014 (40% below median visits),2014,morne babet
3955,Year 2014 (40% below median visits),2014,morne babet
3956,Year 2014 (40% below median visits),2014,morne babet
3957,Year 2014 (40% below median visits),2014,morne babet
3958,Year 2014 (40% below median visits),2014,morne babet
3959,Year 2014 (40% below median visits),2014,morne babet
3960,Year 2014 (40% below median visits),2014,morne babet
3961,Year 2014 (40% below median visits),2014,morne babet
3962,Year 2014 (40% below median visits),2014,morne babet
3963,Year 2014 (40% below median visits),2014,morne babet
3964,Year 2014 (40% below median visits),2014,morne babet
3965,Year 2014 (40% below median visits),2014,morne babet
3966,Year 2014 (40% below median visits),2014,morne babet
3967,Year 2014 (40% below median visits),2014,morne babet
3968,Year 2014 (40% below median visits),2014,morne babet
3969,Year 2014 (40% below median visits),2014,morne babet
3970,Year 2014 (40% below median visits),2014,morne babet
3971,Year 2014 (40% below median visits),2014,morne babet
3972,Year 2014 (40% below median visits),2014,morne babet
3973,Year 2014 (40% below median visits),2014,morne babet
3974,Year 2014 (40% below median visits),2014,morne babet
3975,Year 2014 (40% below median visits),2014,morne babet
3976,Year 2014 (40% below median visits),2014,morne babet
3977,Year 2014 (40% below median visits),2014,morne babet
3978,Year 2014 (40% below median visits),2014,morne babet
3979,Year 2014 (40% below median visits),2014,morne babet
3980,Year 2014 (40% below median visits),2014,morne babet
3981,Year 2014 (40% below median visits),2014,morne babet
3982,Year 2014 (40% below median visits),2014,morne babet
3983,Year 2014 (40% below median visits),2014,morne babet
3984,Year 2014 (40% below median visits),2014,morne babet
3985,Year 2014 (40% below median visits),2014,morne babet
3986,Year 2014 (40% below median visits),2014,morne babet
3987,Year 2014 (40% below median visits),2014,morne babet
3988,Year 2014 (40% below median visits),2014,morne babet
3989,Year 2014 (40% below median visits),2014,morne babet
3990,Year 2014 (40% below median visits),2014,morne babet
3991,Year 2014 (40% below median visits),2014,morne babet
3992,Year 2014 (40% below median visits),2014,morne babet
3993,Year 2014 (40% below median visits),2014,morne babet
3994,Year 2014 (40% below median visits),2014,morne babet
3995,Year 2014 (40% below median visits),2014,morne babet
3996,Year 2014 (40% below median visits),2014,morne babet
3997,Year 2014 (40% below median visits),2014,morne babet
3998,Year 2014 (40% below median visits),2014,morne babet
3999,Year 2014 (40% below median visits),2014,morne babet
4000,Year 2014 (40% below median visits),2014,morne babet
4001,Year 2014 (40% below median visits),2014,morne babet
4002,Year 2014 (40% below median visits),2014,morne babet
4003,Year 2014 (40% below median visits),2014,morne babet
4004,Year 2014 (40% below median visits),2014,morne babet
4005,Year 2014 (40% below median visits),2014,morne babet
4006,Year 2014 (40% below median visits),2014,moulin à vent
4007,Year 2014 (40% below median visits),2014,moulin à vent
4008,Year 2014 (40% below median visits),2014,moulin à vent
4009,Year 2014 (40% below median visits),2014,moulin à vent
4010,Year 2014 (40% below median visits),2014,moulin à vent
4011,Year 2014 (40% below median visits),2014,moulin à vent
4012,Year 2014 (40% below median visits),2014,moulin à vent
4013,Year 2014 (40% below median visits),2014,moulin à vent
4014,Year 2014 (40% below median visits),2014,moulin à vent
4015,Year 2014 (40% below median visits),2014,moulin à vent
4016,Year 2014 (40% below median visits),2014,moulin à vent
4017,Year 2014 (40% below median visits),2014,moulin à vent
4018,Year 2014 (40% below median visits),2014,moulin à vent
4019,Year 2014 (40% below median visits),2014,moulin à vent
4020,Year 2014 (40% below median visits),2014,moulin à vent
4021,Year 2014 (40% below median visits),2014,moulin à vent
4022,Year 2014 (40% below median visits),2014,moulin à vent
4023,Year 2014 (40% below median visits),2014,moulin à vent
4024,Year 2014 (40% below median visits),2014,moulin à vent
4025,Year 2014 (40% below median visits),2014,moulin à vent
4026,Year 2014 (40% below median visits),2014,moulin à vent
4027,Year 2014 (40% below median visits),2014,moulin à vent
4028,Year 2014 (40% below median visits),2014,moulin à vent
4029,Year 2014 (40% below median visits),2014,moulin à vent
4030,Year 2014 (40% below median visits),2014,moulin à vent
4031,Year 2014 (40% below median visits),2014,moulin à vent
4032,Year 2014 (40% below median visits),2014,moulin à vent
4033,Year 2014 (40% below median visits),2014,moulin à vent
4034,Year 2014 (40% below median visits),2014,moulin à vent
4035,Year 2014 (40% below median visits),2014,moulin à vent
4036,Year 2014 (40% below median visits),2014,moulin à vent
4037,Year 2014 (40% below median visits),2014,moulin à vent
4038,Year 2014 (40% below median visits),2014,moulin à vent
4039,Year 2014 (40% below median visits),2014,moulin à vent
4040,Year 2014 (40% below median visits),2014,moulin à vent
4041,Year 2014 (40% below median visits),2014,moulin à vent
4042,Year 2014 (40% below median visits),2014,moulin à vent
4043,Year 2014 (40% below median visits),2014,moulin à vent
4044,Year 2014 (40% below median visits),2014,moulin à vent
4045,Year 2014 (40% below median visits),2014,moulin à vent
4046,Year 2014 (40% below median visits),2014,moulin à vent
4047,Year 2014 (40% below median visits),2014,moulin à vent
4048,Year 2014 (40% below median visits),2014,moulin à vent
4049,Year 2014 (40% below median visits),2014,moulin à vent
4050,Year 2014 (40% below median visits),2014,moulin à vent
4051,Year 2014 (40% below median visits),2014,moulin à vent
4052,Year 2014 (40% below median visits),2014,moulin à vent
4053,Year 2014 (40% below median visits),2014,moulin à vent
4054,Year 2014 (40% below median visits),2014,moulin à vent
4055,Year 2014 (40% below median visits),2014,moulin à vent
4056,Year 2014 (40% below median visits),2014,moulin à vent
4057,Year 2014 (40% below median visits),2014,moulin à vent
4058,Year 2014 (40% below median visits),2014,moulin à vent
4059,Year 2014 (40% below median visits),2014,moulin à vent
4060,Year 2014 (40% below median visits),2014,moulin à vent
4061,Year 2014 (40% below median visits),2014,moulin à vent
4062,Year 2014 (40% below median visits),2014,moulin à vent
4063,Year 2014 (40% below median visits),2014,moulin à vent
4064,Year 2014 (40% below median visits),2014,moulin à vent
4065,Year 2014 (40% below median visits),2014,moulin à vent
4066,Year 2014 (40% below median visits),2014,moulin à vent
4067,Year 2014 (40% below median visits),2014,moulin à vent
4068,Year 2014 (40% below median visits),2014,moulin à vent
4069,Year 2014 (40% below median visits),2014,moulin à vent
4070,Year 2014 (40% below median visits),2014,moulin à vent
4071,Year 2014 (40% below median visits),2014,moulin à vent
4072,Year 2014 (40% below median visits),2014,moulin à vent
4073,Year 2014 (40% below median visits),2014,moulin à vent
4074,Year 2014 (40% below median visits),2014,moulin à vent
4075,Year 2014 (40% below median visits),2014,moulin à vent
4076,Year 2014 (40% below median visits),2014,moulin à vent
4077,Year 2014 (40% below median visits),2014,moulin à vent
4078,Year 2014 (40% below median visits),2014,moulin à vent
4079,Year 2014 (40% below median visits),2014,moulin à vent
4080,Year 2014 (40% below median visits),2014,moulin à vent
4081,Year 2014 (40% below median visits),2014,moulin à vent
4082,Year 2014 (40% below median visits),2014,moulin à vent
4083,Year 2014 (40% below median visits),2014,moulin à vent
4084,Year 2014 (40% below median visits),2014,moulin à vent
4085,Year 2014 (40% below median visits),2014,moulin à vent
4086,Year 2014 (40% below median visits),2014,moulin à vent
4087,Year 2014 (40% below median visits),2014,moulin à vent
4088,Year 2014 (40% below median visits),2014,moulin à vent
4089,Year 2014 (40% below median visits),2014,moulin à vent
4090,Year 2014 (40% below median visits),2014,moulin à vent
4091,Year 2014 (40% below median visits),2014,moulin à vent
4092,Year 2014 (40% below median visits),2014,moulin à vent
4093,Year 2014 (40% below median visits),2014,moulin à vent
4094,Year 2014 (40% below median visits),2014,moulin à vent
4095,Year 2014 (40% below median visits),2014,moulin à vent
4096,Year 2014 (40% below median visits),2014,moulin à vent
4097,Year 2014 (40% below median visits),2014,moulin à vent
4098,Year 2014 (40% below median visits),2014,moulin à vent
4099,Year 2014 (40% below median visits),2014,moulin à vent
4100,Year 2014 (40% below median visits),2014,moulin à vent
4101,Year 2014 (40% below median visits),2014,moulin à vent
4102,Year 2014 (40% below median visits),2014,moulin à vent
4103,Year 2014 (40% below median visits),2014,moulin à vent
4104,Year 2014 (40% below median visits),2014,moulin à vent
4105,Year 2014 (40% below median visits),2014,moulin à vent
4106,Year 2014 (40% below median visits),2014,moulin à vent
4107,Year 2014 (40% below median visits),2014,moulin à vent
4108,Year 2014 (40% below median visits),2014,moulin à vent
4109,Year 2014 (40% below median visits),2014,moulin à vent
4110,Year 2014 (40% below median visits),2014,moulin à vent
4111,Year 2014 (40% below median visits),2014,moulin à vent
4112,Year 2014 (40% below median visits),2014,moulin à vent
4113,Year 2014 (40% below median visits),2014,moulin à vent
4114,Year 2014 (40% below median visits),2014,moulin à vent
4115,Year 2014 (40% below median visits),2014,moulin à vent
4116,Year 2014 (40% below median visits),2014,moulin à vent
4117,Year 2014 (40% below median visits),2014,habitation petite rivière
4118,Year 2014 (40% below median visits),2014,habitation petite rivière
4119,Year 2014 (40% below median visits),2014,habitation petite rivière
4120,Year 2014 (40% below median visits),2014,habitation petite rivière
4121,Year 2014 (40% below median visits),2014,habitation petite rivière
4122,Year 2014 (40% below median visits),2014,habitation petite rivière
4123,Year 2014 (40% below median visits),2014,habitation petite rivière
4124,Year 2014 (40% below median visits),2014,habitation petite rivière
4125,Year 2014 (40% below median visits),2014,habitation petite rivière
4126,Year 2014 (40% below median visits),2014,habitation petite rivière
4127,Year 2014 (40% below median visits),2014,habitation petite rivière
4128,Year 2014 (40% below median visits),2014,habitation petite rivière
4129,Year 2014 (40% below median visits),2014,habitation petite rivière
4130,Year 2014 (40% below median visits),2014,habitation petite rivière
4131,Year 2014 (40% below median visits),2014,habitation petite rivière
4132,Year 2014 (40% below median visits),2014,habitation petite rivière
4133,Year 2014 (40% below median visits),2014,habitation petite rivière
4134,Year 2014 (40% below median visits),2014,habitation petite rivière
4135,Year 2014 (40% below median visits),2014,habitation petite rivière
4136,Year 2014 (40% below median visits),2014,habitation petite rivière
4137,Year 2014 (40% below median visits),2014,habitation petite rivière
4138,Year 2014 (40% below median visits),2014,habitation petite rivière
4139,Year 2014 (40% below median visits),2014,habitation petite rivière
4140,Year 2014 (40% below median visits),2014,habitation petite rivière
4141,Year 2014 (40% below median visits),2014,habitation petite rivière
4142,Year 2014 (40% below median visits),2014,habitation petite rivière
4143,Year 2014 (40% below median visits),2014,habitation petite rivière
4144,Year 2014 (40% below median visits),2014,habitation petite rivière
4145,Year 2014 (40% below median visits),2014,habitation petite rivière
4146,Year 2014 (40% below median visits),2014,habitation petite rivière
4147,Year 2014 (40% below median visits),2014,habitation petite rivière
4148,Year 2014 (40% below median visits),2014,habitation petite rivière
4149,Year 2014 (40% below median visits),2014,habitation petite rivière
4150,Year 2014 (40% below median visits),2014,habitation petite rivière
4151,Year 2014 (40% below median visits),2014,habitation petite rivière
4152,Year 2014 (40% below median visits),2014,habitation petite rivière
4153,Year 2014 (40% below median visits),2014,habitation petite rivière
4154,Year 2014 (40% below median visits),2014,habitation petite rivière
4155,Year 2014 (40% below median visits),2014,habitation petite rivière
4156,Year 2014 (40% below median visits),2014,habitation petite rivière
4157,Year 2014 (40% below median visits),2014,habitation petite rivière
4158,Year 2014 (40% below median visits),2014,habitation petite rivière
4159,Year 2014 (40% below median visits),2014,habitation petite rivière
4160,Year 2014 (40% below median visits),2014,habitation petite rivière
4161,Year 2014 (40% below median visits),2014,habitation petite rivière
4162,Year 2014 (40% below median visits),2014,habitation petite rivière
4163,Year 2014 (40% below median visits),2014,habitation petite rivière
4164,Year 2014 (40% below median visits),2014,habitation petite rivière
4165,Year 2014 (40% below median visits),2014,habitation petite rivière
4166,Year 2014 (40% below median visits),2014,habitation petite rivière
4167,Year 2014 (40% below median visits),2014,habitation petite rivière
4168,Year 2014 (40% below median visits),2014,habitation petite rivière
4169,Year 2014 (40% below median visits),2014,habitation petite rivière
4170,Year 2014 (40% below median visits),2014,habitation petite rivière
4171,Year 2014 (40% below median visits),2014,habitation petite rivière
4172,Year 2014 (40% below median visits),2014,habitation petite rivière
4173,Year 2014 (40% below median visits),2014,habitation petite rivière
4174,Year 2014 (40% below median visits),2014,habitation petite rivière
4175,Year 2014 (40% below median visits),2014,habitation petite rivière
4176,Year 2014 (40% below median visits),2014,habitation petite rivière
4177,Year 2014 (40% below median visits),2014,habitation petite rivière
4178,Year 2014 (40% below median visits),2014,habitation petite rivière
4179,Year 2014 (40% below median visits),2014,habitation petite rivière
4180,Year 2014 (40% below median visits),2014,habitation petite rivière
4181,Year 2014 (40% below median visits),2014,habitation petite rivière
4182,Year 2014 (40% below median visits),2014,habitation petite rivière
4183,Year 2014 (40% below median visits),2014,habitation petite rivière
4184,Year 2014 (40% below median visits),2014,habitation petite rivière
4185,Year 2014 (40% below median visits),2014,habitation petite rivière
4186,Year 2014 (40% below median visits),2014,habitation petite rivière
4187,Year 2014 (40% below median visits),2014,habitation petite rivière
4188,Year 2014 (40% below median visits),2014,habitation petite rivière
4189,Year 2014 (40% below median visits),2014,habitation petite rivière
4190,Year 2014 (40% below median visits),2014,habitation petite rivière
4191,Year 2014 (40% below median visits),2014,habitation petite rivière
4192,Year 2014 (40% below median visits),2014,habitation petite rivière
4193,Year 2014 (40% below median visits),2014,habitation petite rivière
4194,Year 2014 (40% below median visits),2014,habitation petite rivière
4195,Year 2014 (40% below median visits),2014,habitation petite rivière
4196,Year 2014 (40% below median visits),2014,habitation petite rivière
4197,Year 2014 (40% below median visits),2014,habitation petite rivière
4198,Year 2014 (40% below median visits),2014,habitation petite rivière
4199,Year 2014 (40% below median visits),2014,habitation petite rivière
4200,Year 2014 (40% below median visits),2014,habitation petite rivière
4201,Year 2014 (40% below median visits),2014,habitation petite rivière
4202,Year 2014 (40% below median visits),2014,habitation petite rivière
4203,Year 2014 (40% below median visits),2014,habitation petite rivière
4204,Year 2014 (40% below median visits),2014,habitation petite rivière
4205,Year 2014 (40% below median visits),2014,habitation petite rivière
4206,Year 2014 (40% below median visits),2014,habitation petite rivière
4207,Year 2014 (40% below median visits),2014,habitation petite rivière
4208,Year 2014 (40% below median visits),2014,habitation petite rivière
4209,Year 2014 (40% below median visits),2014,habitation petite rivière
4210,Year 2014 (40% below median visits),2014,habitation petite rivière
4211,Year 2014 (40% below median visits),2014,habitation petite rivière
4212,Year 2014 (40% below median visits),2014,habitation petite rivière
4213,Year 2014 (40% below median visits),2014,habitation petite rivière
4214,Year 2014 (40% below median visits),2014,habitation petite rivière
4215,Year 2014 (40% below median visits),2014,habitation petite rivière
4216,Year 2014 (40% below median visits),2014,habitation petite rivière
4217,Year 2014 (40% below median visits),2014,morne babet
4218,Year 2014 (40% below median visits),2014,morne babet
4219,Year 2014 (40% below median visits),2014,morne babet
4220,Year 2014 (40% below median visits),2014,morne babet
4221,Year 2014 (40% below median visits),2014,morne babet
4222,Year 2014 (40% below median visits),2014,morne babet
4223,Year 2014 (40% below median visits),2014,morne babet
4224,Year 2014 (40% below median visits),2014,morne babet
4225,Year 2014 (40% below median visits),2014,morne babet
4226,Year 2014 (40% below median visits),2014,morne babet
4227,Year 2014 (40% below median visits),2014,morne babet
4228,Year 2014 (40% below median visits),2014,morne babet
4229,Year 2014 (40% below median visits),2014,morne babet
4230,Year 2014 (40% below median visits),2014,morne babet
4231,Year 2014 (40% below median visits),2014,morne babet
4232,Year 2014 (40% below median visits),2014,morne babet
4233,Year 2014 (40% below median visits),2014,morne babet
4234,Year 2014 (40% below median visits),2014,morne babet
4235,Year 2014 (40% below median visits),2014,morne babet
4236,Year 2014 (40% below median visits),2014,morne babet
4237,Year 2014 (40% below median visits),2014,morne babet
4238,Year 2014 (40% below median visits),2014,morne babet
4239,Year 2014 (40% below median visits),2014,morne babet
4240,Year 2014 (40% below median visits),2014,morne babet
4241,Year 2014 (40% below median visits),2014,morne babet
4242,Year 2014 (40% below median visits),2014,morne babet
4243,Year 2014 (40% below median visits),2014,morne babet
4244,Year 2014 (40% below median visits),2014,morne babet
4245,Year 2014 (40% below median visits),2014,morne babet
4246,Year 2014 (40% below median visits),2014,morne babet
4247,Year 2014 (40% below median visits),2014,morne babet
4248,Year 2014 (40% below median visits),2014,morne babet
4249,Year 2014 (40% below median visits),2014,morne babet
4250,Year 2014 (40% below median visits),2014,morne babet
4251,Year 2014 (40% below median visits),2014,morne babet
4252,Year 2014 (40% below median visits),2014,morne babet
4253,Year 2014 (40% below median visits),2014,morne babet
4254,Year 2014 (40% below median visits),2014,morne babet
4255,Year 2014 (40% below median visits),2014,morne babet
4256,Year 2014 (40% below median visits),2014,morne babet
4257,Year 2014 (40% below median visits),2014,morne babet
4258,Year 2014 (40% below median visits),2014,morne babet
4259,Year 2014 (40% below median visits),2014,morne babet
4260,Year 2014 (40% below median visits),2014,morne babet
4261,Year 2014 (40% below median visits),2014,morne babet
4262,Year 2014 (40% below median visits),2014,morne babet
4263,Year 2014 (40% below median visits),2014,morne babet
4264,Year 2014 (40% below median visits),2014,morne babet
4265,Year 2014 (40% below median visits),2014,morne babet
4266,Year 2014 (40% below median visits),2014,morne babet
4267,Year 2014 (40% below median visits),2014,morne babet
4268,Year 2014 (40% below median visits),2014,morne babet
4269,Year 2014 (40% below median visits),2014,morne babet
4270,Year 2014 (40% below median visits),2014,morne babet
4271,Year 2014 (40% below median visits),2014,morne babet
4272,Year 2014 (40% below median visits),2014,morne babet
4273,Year 2014 (40% below median visits),2014,morne babet
4274,Year 2014 (40% below median visits),2014,morne babet
4275,Year 2014 (40% below median visits),2014,morne babet
4276,Year 2014 (40% below median visits),2014,morne babet
4277,Year 2014 (40% below median visits),2014,morne babet
4278,Year 2014 (40% below median visits),2014,morne babet
4279,Year 2014 (40% below median visits),2014,morne babet
4280,Year 2014 (40% below median visits),2014,morne babet
4281,Year 2014 (40% below median visits),2014,morne babet
4282,Year 2014 (40% below median visits),2014,morne babet
4283,Year 2014 (40% below median visits),2014,morne babet
4284,Year 2014 (40% below median visits),2014,morne babet
4285,Year 2014 (40% below median visits),2014,morne babet
4286,Year 2014 (40% below median visits),2014,morne babet
4287,Year 2014 (40% below median visits),2014,morne babet
4288,Year 2014 (40% below median visits),2014,morne babet
4289,Year 2014 (40% below median visits),2014,morne babet
4290,Year 2014 (40% below median visits),2014,morne babet
4291,Year 2014 (40% below median visits),2014,morne babet
4292,Year 2014 (40% below median visits),2014,morne babet
4293,Year 2014 (40% below median visits),2014,morne babet
4294,Year 2014 (40% below median visits),2014,morne babet
4295,Year 2014 (40% below median visits),2014,morne babet
4296,Year 2014 (40% below median visits),2014,morne babet
4297,Year 2014 (40% below median visits),2014,morne babet
4298,Year 2014 (40% below median visits),2014,morne babet
4299,Year 2014 (40% below median visits),2014,morne babet
4300,Year 2014 (40% below median visits),2014,morne babet
4301,Year 2014 (40% below median visits),2014,morne babet
4302,Year 2014 (40% below median visits),2014,morne babet
4303,Year 2014 (40% below median visits),2014,morne babet
4304,Year 2014 (40% below median visits),2014,morne babet
4305,Year 2014 (40% below median visits),2014,morne babet
4306,Year 2014 (40% below median visits),2014,morne babet
4307,Year 2014 (40% below median visits),2014,morne babet
4308,Year 2014 (40% below median visits),2014,morne babet
4309,Year 2014 (40% below median visits),2014,morne babet
4310,Year 2014 (40% below median visits),2014,morne babet
4311,Year 2014 (40% below median visits),2014,morne babet
4312,Year 2014 (40% below median visits),2014,morne babet
4313,Year 2014 (40% below median visits),2014,morne babet
4314,Year 2014 (40% below median visits),2014,morne babet
4315,Year 2014 (40% below median visits),2014,morne babet
4316,Year 2014 (40% below median visits),2014,morne babet
4317,Year 2014 (40% below median visits),2014,morne babet
4318,Year 2014 (40% below median visits),2014,morne babet
4319,Year 2014 (40% below median visits),2014,ilets du robert
4320,Year 2014 (40% below median visits),2014,ilets du robert
4321,Year 2014 (40% below median visits),2014,ilets du robert
4322,Year 2014 (40% below median visits),2014,ilets du robert
4323,Year 2014 (40% below median visits),2014,ilets du robert
4324,Year 2014 (40% below median visits),2014,ilets du robert
4325,Year 2014 (40% below median visits),2014,ilets du robert
4326,Year 2014 (40% below median visits),2014,ilets du robert
4327,Year 2014 (40% below median visits),2014,ilets du robert
4328,Year 2014 (40% below median visits),2014,ilets du robert
4329,Year 2014 (40% below median visits),2014,ilets du robert
4330,Year 2014 (40% below median visits),2014,ilets du robert
4331,Year 2014 (40% below median visits),2014,ilets du robert
4332,Year 2014 (40% below median visits),2014,ilets du robert
4333,Year 2014 (40% below median visits),2014,ilets du robert
4334,Year 2014 (40% below median visits),2014,ilets du robert
4335,Year 2014 (40% below median visits),2014,ilets du robert
4336,Year 2014 (40% below median visits),2014,ilets du robert
4337,Year 2014 (40% below median visits),2014,ilets du robert
4338,Year 2014 (40% below median visits),2014,ilets du robert
4339,Year 2014 (40% below median visits),2014,ilets du robert
4340,Year 2014 (40% below median visits),2014,ilets du robert
4341,Year 2014 (40% below median visits),2014,ilets du robert
4342,Year 2014 (40% below median visits),2014,ilets du robert
4343,Year 2014 (40% below median visits),2014,ilets du robert
4344,Year 2014 (40% below median visits),2014,ilets du robert
4345,Year 2014 (40% below median visits),2014,ilets du robert
4346,Year 2014 (40% below median visits),2014,ilets du robert
4347,Year 2014 (40% below median visits),2014,ilets du robert
4348,Year 2014 (40% below median visits),2014,ilets du robert
4349,Year 2014 (40% below median visits),2014,ilets du robert
4350,Year 2014 (40% below median visits),2014,ilets du robert
4351,Year 2014 (40% below median visits),2014,ilets du robert
4352,Year 2014 (40% below median visits),2014,ilets du robert
4353,Year 2014 (40% below median visits),2014,ilets du robert
4354,Year 2014 (40% below median visits),2014,ilets du robert
4355,Year 2014 (40% below median visits),2014,ilets du robert
4356,Year 2014 (40% below median visits),2014,ilets du robert
4357,Year 2014 (40% below median visits),2014,ilets du robert
4358,Year 2014 (40% below median visits),2014,ilets du robert
4359,Year 2014 (40% below median visits),2014,ilets du robert
4360,Year 2014 (40% below median visits),2014,ilets du robert
4361,Year 2014 (40% below median visits),2014,ilets du robert
4362,Year 2014 (40% below median visits),2014,ilets du robert
4363,Year 2014 (40% below median visits),2014,ilets du robert
4364,Year 2014 (40% below median visits),2014,ilets du robert
4365,Year 2014 (40% below median visits),2014,ilets du robert
4366,Year 2014 (40% below median visits),2014,ilets du robert
4367,Year 2014 (40% below median visits),2014,ilets du robert
4368,Year 2014 (40% below median visits),2014,ilets du robert
4369,Year 2014 (40% below median visits),2014,ilets du robert
4370,Year 2014 (40% below median visits),2014,ilets du robert
4371,Year 2014 (40% below median visits),2014,ilets du robert
4372,Year 2014 (40% below median visits),2014,ilets du robert
4373,Year 2014 (40% below median visits),2014,ilets du robert
4374,Year 2014 (40% below median visits),2014,ilets du robert
4375,Year 2014 (40% below median visits),2014,ilets du robert
4376,Year 2014 (40% below median visits),2014,ilets du robert
4377,Year 2014 (40% below median visits),2014,ilets du robert
4378,Year 2014 (40% below median visits),2014,ilets du robert
4379,Year 2014 (40% below median visits),2014,ilets du robert
4380,Year 2014 (40% below median visits),2014,ilets du robert
4381,Year 2014 (40% below median visits),2014,ilets du robert
4382,Year 2014 (40% below median visits),2014,ilets du robert
4383,Year 2014 (40% below median visits),2014,ilets du robert
4384,Year 2014 (40% below median visits),2014,ilets du robert
4385,Year 2014 (40% below median visits),2014,ilets du robert
4386,Year 2014 (40% below median visits),2014,ilets du robert
4387,Year 2014 (40% below median visits),2014,ilets du robert
4388,Year 2014 (40% below median visits),2014,ilets du robert
4389,Year 2014 (40% below median visits),2014,ilets du robert
4390,Year 2014 (40% below median visits),2014,ilets du robert
4391,Year 2014 (40% below median visits),2014,ilets du robert
4392,Year 2014 (40% below median visits),2014,ilets du robert
4393,Year 2014 (40% below median visits),2014,ilets du robert
4394,Year 2014 (40% below median visits),2014,ilets du robert
4395,Year 2014 (40% below median visits),2014,ilets du robert
4396,Year 2014 (40% below median visits),2014,ilets du robert
4397,Year 2014 (40% below median visits),2014,ilets du robert
4398,Year 2014 (40% below median visits),2014,ilets du robert
4399,Year 2014 (40% below median visits),2014,ilets du robert
4400,Year 2014 (40% below median visits),2014,ilets du robert
4401,Year 2014 (40% below median visits),2014,ilets du robert
4402,Year 2014 (40% below median visits),2014,ilets du robert
4403,Year 2014 (40% below median visits),2014,ilets du robert
4404,Year 2014 (40% below median visits),2014,ilets du robert
4405,Year 2014 (40% below median visits),2014,ilets du robert
4406,Year 2014 (40% below median visits),2014,ilets du robert
4407,Year 2014 (40% below median visits),2014,ilets du robert
4408,Year 2014 (40% below median visits),2014,ilets du robert
4409,Year 2014 (40% below median visits),2014,ilets du robert
4410,Year 2014 (40% below median visits),2014,ilets du robert
4411,Year 2014 (40% below median visits),2014,ilets du robert
4412,Year 2014 (40% below median visits),2014,ilets du robert
4413,Year 2014 (40% below median visits),2014,ilets du robert
4414,Year 2014 (40% below median visits),2014,ilets du robert
4415,Year 2014 (40% below median visits),2014,ilets du robert
4416,Year 2014 (40% below median visits),2014,ilets du robert
4417,Year 2014 (40% below median visits),2014,ilets du robert
4418,Year 2014 (40% below median visits),2014,ilets du robert
4419,Year 2014 (40% below median visits),2014,ilets du robert
4420,Year 2014 (40% below median visits),2014,ilets du robert
4421,Year 2014 (40% below median visits),2014,ilets du robert
4422,Year 2014 (40% below median visits),2014,ilets du robert
4423,Year 2014 (40% below median visits),2014,ilets du robert
4424,Year 2014 (40% below median visits),2014,ilets du robert
4425,Year 2014 (40% below median visits),2014,ilets du robert
4426,Year 2014 (40% below median visits),2014,ilets du robert
4427,Year 2014 (40% below median visits),2014,ilets du robert
4428,Year 2014 (40% below median visits),2014,ilets du robert
4429,Year 2014 (40% below median visits),2014,ilets du robert
4430,Year 2014 (40% below median visits),2014,ilets du robert
4431,Year 2014 (40% below median visits),2014,ilets du robert
4432,Year 2014 (40% below median visits),2014,ilets du robert
4433,Year 2014 (40% below median visits),2014,ilets du robert
4434,Year 2014 (40% below median visits),2014,ilets du robert
4435,Year 2014 (40% below median visits),2014,ilets du robert
4436,Year 2014 (40% below median visits),2014,anse meunier
4437,Year 2014 (40% below median visits),2014,anse meunier
4438,Year 2014 (40% below median visits),2014,anse meunier
4439,Year 2014 (40% below median visits),2014,anse meunier
4440,Year 2014 (40% below median visits),2014,anse meunier
4441,Year 2014 (40% below median visits),2014,anse meunier
4442,Year 2014 (40% below median visits),2014,anse meunier
4443,Year 2014 (40% below median visits),2014,anse meunier
4444,Year 2014 (40% below median visits),2014,anse meunier
4445,Year 2014 (40% below median visits),2014,anse meunier
4446,Year 2014 (40% below median visits),2014,anse meunier
4447,Year 2014 (40% below median visits),2014,anse meunier
4448,Year 2014 (40% below median visits),2014,anse meunier
4449,Year 2014 (40% below median visits),2014,anse meunier
4450,Year 2014 (40% below median visits),2014,anse meunier
4451,Year 2014 (40% below median visits),2014,anse meunier
4452,Year 2014 (40% below median visits),2014,anse meunier
4453,Year 2014 (40% below median visits),2014,anse meunier
4454,Year 2014 (40% below median visits),2014,anse meunier
4455,Year 2014 (40% below median visits),2014,anse meunier
4456,Year 2014 (40% below median visits),2014,anse meunier
4457,Year 2014 (40% below median visits),2014,anse meunier
4458,Year 2014 (40% below median visits),2014,anse meunier
4459,Year 2014 (40% below median visits),2014,anse meunier
4460,Year 2014 (40% below median visits),2014,anse meunier
4461,Year 2014 (40% below median visits),2014,anse meunier
4462,Year 2014 (40% below median visits),2014,anse meunier
4463,Year 2014 (40% below median visits),2014,anse meunier
4464,Year 2014 (40% below median visits),2014,anse meunier
4465,Year 2014 (40% below median visits),2014,anse meunier
4466,Year 2014 (40% below median visits),2014,anse meunier
4467,Year 2014 (40% below median visits),2014,anse meunier
4468,Year 2014 (40% below median visits),2014,anse meunier
4469,Year 2014 (40% below median visits),2014,anse meunier
4470,Year 2014 (40% below median visits),2014,anse meunier
4471,Year 2014 (40% below median visits),2014,anse meunier
4472,Year 2014 (40% below median visits),2014,anse meunier
4473,Year 2014 (40% below median visits),2014,anse meunier
4474,Year 2014 (40% below median visits),2014,anse meunier
4475,Year 2014 (40% below median visits),2014,anse meunier
4476,Year 2014 (40% below median visits),2014,anse meunier
4477,Year 2014 (40% below median visits),2014,anse meunier
4478,Year 2014 (40% below median visits),2014,anse meunier
4479,Year 2014 (40% below median visits),2014,anse meunier
4480,Year 2014 (40% below median visits),2014,anse meunier
4481,Year 2014 (40% below median visits),2014,anse meunier
4482,Year 2014 (40% below median visits),2014,anse meunier
4483,Year 2014 (40% below median visits),2014,anse meunier
4484,Year 2014 (40% below median visits),2014,anse meunier
4485,Year 2014 (40% below median visits),2014,anse meunier
4486,Year 2014 (40% below median visits),2014,anse meunier
4487,Year 2014 (40% below median visits),2014,anse meunier
4488,Year 2014 (40% below median visits),2014,anse meunier
4489,Year 2014 (40% below median visits),2014,anse meunier
4490,Year 2014 (40% below median visits),2014,anse meunier
4491,Year 2014 (40% below median visits),2014,anse meunier
4492,Year 2014 (40% below median visits),2014,anse meunier
4493,Year 2014 (40% below median visits),2014,anse meunier
4494,Year 2014 (40% below median visits),2014,anse meunier
4495,Year 2014 (40% below median visits),2014,anse meunier
4496,Year 2014 (40% below median visits),2014,anse meunier
4497,Year 2014 (40% below median visits),2014,anse meunier
4498,Year 2014 (40% below median visits),2014,anse meunier
4499,Year 2014 (40% below median visits),2014,anse meunier
4500,Year 2014 (40% below median visits),2014,anse meunier
4501,Year 2014 (40% below median visits),2014,anse meunier
4502,Year 2014 (40% below median visits),2014,anse meunier
4503,Year 2014 (40% below median visits),2014,anse meunier
4504,Year 2014 (40% below median visits),2014,anse meunier
4505,Year 2014 (40% below median visits),2014,anse meunier
4506,Year 2014 (40% below median visits),2014,anse meunier
4507,Year 2014 (40% below median visits),2014,anse meunier
4508,Year 2014 (40% below median visits),2014,anse meunier
4509,Year 2014 (40% below median visits),2014,anse meunier
4510,Year 2014 (40% below median visits),2014,anse meunier
4511,Year 2014 (40% below median visits),2014,anse meunier
4512,Year 2014 (40% below median visits),2014,anse meunier
4513,Year 2014 (40% below median visits),2014,anse meunier
4514,Year 2014 (40% below median visits),2014,anse meunier
4515,Year 2014 (40% below median visits),2014,anse meunier
4516,Year 2014 (40% below median visits),2014,anse meunier
4517,Year 2014 (40% below median visits),2014,anse meunier
4518,Year 2014 (40% below median visits),2014,anse meunier
4519,Year 2014 (40% below median visits),2014,anse meunier
4520,Year 2014 (40% below median visits),2014,anse meunier
4521,Year 2014 (40% below median visits),2014,anse meunier
4522,Year 2014 (40% below median visits),2014,anse meunier
4523,Year 2014 (40% below median visits),2014,anse meunier
4524,Year 2014 (40% below median visits),2014,anse meunier
4525,Year 2014 (40% below median visits),2014,anse meunier
4526,Year 2014 (40% below median visits),2014,anse meunier
4527,Year 2014 (40% below median visits),2014,anse meunier
4528,Year 2014 (40% below median visits),2014,anse meunier
4529,Year 2014 (40% below median visits),2014,anse meunier
4530,Year 2014 (40% below median visits),2014,anse meunier
4531,Year 2014 (40% below median visits),2014,anse meunier
4532,Year 2014 (40% below median visits),2014,anse meunier
4533,Year 2014 (40% below median visits),2014,anse meunier
4534,Year 2014 (40% below median visits),2014,anse meunier
4535,Year 2014 (40% below median visits),2014,anse meunier
4536,Year 2014 (40% below median visits),2014,anse meunier
4537,Year 2014 (40% below median visits),2014,anse meunier
4538,Year 2014 (40% below median visits),2014,anse meunier
4539,Year 2014 (40% below median visits),2014,anse meunier
4540,Year 2014 (40% below median visits),2014,anse meunier
4541,Year 2014 (40% below median visits),2014,anse meunier
4542,Year 2014 (40% below median visits),2014,anse meunier
4543,Year 2014 (40% below median visits),2014,anse meunier
4544,Year 2014 (40% below median visits),2014,anse meunier
4545,Year 2014 (40% below median visits),2014,anse meunier
4546,Year 2014 (40% below median visits),2014,anse meunier
4547,Year 2014 (40% below median visits),2014,anse meunier
4548,Year 2014 (40% below median visits),2014,anse meunier
4549,Year 2014 (40% below median visits),2014,anse meunier
4550,Year 2014 (40% below median visits),2014,anse meunier
4551,Year 2014 (40% below median visits),2014,anse meunier
4552,Year 2014 (40% below median visits),2014,anse meunier
4553,Year 2014 (40% below median visits),2014,anse meunier
4554,Year 2014 (40% below median visits),2014,anse meunier
4555,Year 2014 (40% below median visits),2014,anse meunier
4556,Year 2014 (40% below median visits),2014,anse meunier
4557,Year 2014 (40% below median visits),2014,anse meunier
4558,Year 2014 (40% below median visits),2014,morne bellevue
4559,Year 2014 (40% below median visits),2014,morne bellevue
4560,Year 2014 (40% below median visits),2014,morne bellevue
4561,Year 2014 (40% below median visits),2014,morne bellevue
4562,Year 2014 (40% below median visits),2014,morne bellevue
4563,Year 2014 (40% below median visits),2014,morne bellevue
4564,Year 2014 (40% below median visits),2014,morne bellevue
4565,Year 2014 (40% below median visits),2014,morne bellevue
4566,Year 2014 (40% below median visits),2014,morne bellevue
4567,Year 2014 (40% below median visits),2014,morne bellevue
4568,Year 2014 (40% below median visits),2014,morne bellevue
4569,Year 2014 (40% below median visits),2014,morne bellevue
4570,Year 2014 (40% below median visits),2014,morne bellevue
4571,Year 2014 (40% below median visits),2014,morne bellevue
4572,Year 2014 (40% below median visits),2014,morne bellevue
4573,Year 2014 (40% below median visits),2014,morne bellevue
4574,Year 2014 (40% below median visits),2014,morne bellevue
4575,Year 2014 (40% below median visits),2014,morne bellevue
4576,Year 2014 (40% below median visits),2014,morne bellevue
4577,Year 2014 (40% below median visits),2014,morne bellevue
4578,Year 2014 (40% below median visits),2014,morne bellevue
4579,Year 2014 (40% below median visits),2014,morne bellevue
4580,Year 2014 (40% below median visits),2014,morne bellevue
4581,Year 2014 (40% below median visits),2014,morne bellevue
4582,Year 2014 (40% below median visits),2014,morne bellevue
4583,Year 2014 (40% below median visits),2014,morne bellevue
4584,Year 2014 (40% below median visits),2014,morne bellevue
4585,Year 2014 (40% below median visits),2014,morne bellevue
4586,Year 2014 (40% below median visits),2014,morne bellevue
4587,Year 2014 (40% below median visits),2014,morne bellevue
4588,Year 2014 (40% below median visits),2014,morne bellevue
4589,Year 2014 (40% below median visits),2014,morne bellevue
4590,Year 2014 (40% below median visits),2014,morne bellevue
4591,Year 2014 (40% below median visits),2014,morne bellevue
4592,Year 2014 (40% below median visits),2014,morne bellevue
4593,Year 2014 (40% below median visits),2014,morne bellevue
4594,Year 2014 (40% below median visits),2014,morne bellevue
4595,Year 2014 (40% below median visits),2014,morne bellevue
4596,Year 2014 (40% below median visits),2014,morne bellevue
4597,Year 2014 (40% below median visits),2014,morne bellevue
4598,Year 2014 (40% below median visits),2014,morne bellevue
4599,Year 2014 (40% below median visits),2014,morne bellevue
4600,Year 2014 (40% below median visits),2014,morne bellevue
4601,Year 2014 (40% below median visits),2014,morne bellevue
4602,Year 2014 (40% below median visits),2014,morne bellevue
4603,Year 2014 (40% below median visits),2014,morne bellevue
4604,Year 2014 (40% below median visits),2014,morne bellevue
4605,Year 2014 (40% below median visits),2014,morne bellevue
4606,Year 2014 (40% below median visits),2014,morne bellevue
4607,Year 2014 (40% below median visits),2014,morne bellevue
4608,Year 2014 (40% below median visits),2014,morne bellevue
4609,Year 2014 (40% below median visits),2014,morne bellevue
4610,Year 2014 (40% below median visits),2014,morne bellevue
4611,Year 2014 (40% below median visits),2014,morne bellevue
4612,Year 2014 (40% below median visits),2014,morne bellevue
4613,Year 2014 (40% below median visits),2014,morne bellevue
4614,Year 2014 (40% below median visits),2014,morne bellevue
4615,Year 2014 (40% below median visits),2014,morne bellevue
4616,Year 2014 (40% below median visits),2014,morne bellevue
4617,Year 2014 (40% below median visits),2014,morne bellevue
4618,Year 2014 (40% below median visits),2014,morne bellevue
4619,Year 2014 (40% below median visits),2014,morne bellevue
4620,Year 2014 (40% below median visits),2014,morne bellevue
4621,Year 2014 (40% below median visits),2014,morne bellevue
4622,Year 2014 (40% below median visits),2014,morne bellevue
4623,Year 2014 (40% below median visits),2014,morne bellevue
4624,Year 2014 (40% below median visits),2014,morne bellevue
4625,Year 2014 (40% below median visits),2014,morne bellevue
4626,Year 2014 (40% below median visits),2014,morne bellevue
4627,Year 2014 (40% below median visits),2014,morne bellevue
4628,Year 2014 (40% below median visits),2014,morne bellevue
4629,Year 2014 (40% below median visits),2014,morne bellevue
4630,Year 2014 (40% below median visits),2014,morne bellevue
4631,Year 2014 (40% below median visits),2014,morne bellevue
4632,Year 2014 (40% below median visits),2014,morne bellevue
4633,Year 2014 (40% below median visits),2014,morne bellevue
4634,Year 2014 (40% below median visits),2014,morne bellevue
4635,Year 2014 (40% below median visits),2014,morne bellevue
4636,Year 2014 (40% below median visits),2014,morne bellevue
4637,Year 2014 (40% below median visits),2014,morne bellevue
4638,Year 2014 (40% below median visits),2014,morne bellevue
4639,Year 2014 (40% below median visits),2014,morne bellevue
4640,Year 2014 (40% below median visits),2014,morne bellevue
4641,Year 2014 (40% below median visits),2014,morne bellevue
4642,Year 2014 (40% below median visits),2014,morne bellevue
4643,Year 2014 (40% below median visits),2014,morne bellevue
4644,Year 2014 (40% below median visits),2014,morne bellevue
4645,Year 2014 (40% below median visits),2014,morne bellevue
4646,Year 2014 (40% below median visits),2014,morne bellevue
4647,Year 2014 (40% below median visits),2014,morne bellevue
4648,Year 2014 (40% below median visits),2014,morne bellevue
4649,Year 2014 (40% below median visits),2014,morne bellevue
4650,Year 2014 (40% below median visits),2014,morne bellevue
4651,Year 2014 (40% below median visits),2014,morne bellevue
4652,Year 2014 (40% below median visits),2014,morne bellevue
4653,Year 2014 (40% below median visits),2014,morne bellevue
4654,Year 2014 (40% below median visits),2014,morne bellevue
4655,Year 2014 (40% below median visits),2014,morne bellevue
4656,Year 2014 (40% below median visits),2014,morne bellevue
4657,Year 2014 (40% below median visits),2014,morne bellevue
4658,Year 2014 (40% below median visits),2014,morne bellevue
4659,Year 2014 (40% below median visits),2014,morne bellevue
4660,Year 2014 (40% below median visits),2014,morne bellevue
4661,Year 2014 (40% below median visits),2014,morne bellevue
4662,Year 2014 (40% below median visits),2014,morne bellevue
4663,Year 2014 (40% below median visits),2014,morne bellevue
4664,Year 2014 (40% below median visits),2014,morne bellevue
4665,Year 2014 (40% below median visits),2014,morne bellevue
4666,Year 2014 (40% below median visits),2014,morne bellevue
4667,Year 2014 (40% below median visits),2014,morne bellevue
4668,Year 2014 (40% below median visits),2014,morne bellevue
4669,Year 2014 (40% below median visits),2014,morne bellevue
4670,Year 2014 (40% below median visits),2014,morne bellevue
4671,Year 2014 (40% below median visits),2014,morne bellevue
4672,Year 2014 (40% below median visits),2014,morne bellevue
4673,Year 2014 (40% below median visits),2014,morne bellevue
4674,Year 2014 (40% below median visits),2014,morne bellevue
4675,Year 2014 (40% below median visits),2014,morne bellevue
4676,Year 2014 (40% below median visits),2014,morne bellevue
4677,Year 2014 (40% below median visits),2014,morne bellevue
4678,Year 2014 (40% below median visits),2014,morne bellevue
4679,Year 2014 (40% below median visits),2014,morne bellevue
4680,Year 2014 (40% below median visits),2014,morne bellevue
4681,Year 2014 (40% below median visits),2014,morne bellevue
4682,Year 2014 (40% below median visits),2014,morne bellevue
4683,Year 2014 (40% below median visits),2014,morne bellevue
4684,Year 2014 (40% below median visits),2014,morne bellevue
4685,Year 2014 (40% below median visits),2014,morne bellevue
4686,Year 2014 (40% below median visits),2014,morne bellevue
4687,Year 2014 (40% below median visits),2014,morne bellevue
4688,Year 2014 (40% below median visits),2014,morne bellevue
4689,Year 2014 (40% below median visits),2014,morne bellevue
4690,Year 2014 (40% below median visits),2014,morne bellevue
4691,Year 2014 (40% below median visits),2014,morne bellevue
4692,Year 2014 (40% below median visits),2014,morne bellevue
4693,Year 2014 (40% below median visits),2014,morne bellevue
4694,Year 2014 (40% below median visits),2014,morne bellevue
4695,Year 2014 (40% below median visits),2014,morne bellevue
4696,Year 2014 (40% below median visits),2014,morne bellevue
4697,Year 2014 (40% below median visits),2014,morne bellevue
4698,Year 2014 (40% below median visits),2014,morne bellevue
4699,Year 2014 (40% below median visits),2014,forêt vatable
4700,Year 2014 (40% below median visits),2014,forêt vatable
4701,Year 2014 (40% below median visits),2014,forêt vatable
4702,Year 2014 (40% below median visits),2014,forêt vatable
4703,Year 2014 (40% below median visits),2014,forêt vatable
4704,Year 2014 (40% below median visits),2014,forêt vatable
4705,Year 2014 (40% below median visits),2014,forêt vatable
4706,Year 2014 (40% below median visits),2014,forêt vatable
4707,Year 2014 (40% below median visits),2014,forêt vatable
4708,Year 2014 (40% below median visits),2014,forêt vatable
4709,Year 2014 (40% below median visits),2014,forêt vatable
4710,Year 2014 (40% below median visits),2014,forêt vatable
4711,Year 2014 (40% below median visits),2014,forêt vatable
4712,Year 2014 (40% below median visits),2014,forêt vatable
4713,Year 2014 (40% below median visits),2014,forêt vatable
4714,Year 2014 (40% below median visits),2014,forêt vatable
4715,Year 2014 (40% below median visits),2014,forêt vatable
4716,Year 2014 (40% below median visits),2014,forêt vatable
4717,Year 2014 (40% below median visits),2014,forêt vatable
4718,Year 2014 (40% below median visits),2014,forêt vatable
4719,Year 2014 (40% below median visits),2014,forêt vatable
4720,Year 2014 (40% below median visits),2014,forêt vatable
4721,Year 2014 (40% below median visits),2014,forêt vatable
4722,Year 2014 (40% below median visits),2014,forêt vatable
4723,Year 2014 (40% below median visits),2014,forêt vatable
4724,Year 2014 (40% below median visits),2014,forêt vatable
4725,Year 2014 (40% below median visits),2014,forêt vatable
4726,Year 2014 (40% below median visits),2014,forêt vatable
4727,Year 2014 (40% below median visits),2014,forêt vatable
4728,Year 2014 (40% below median visits),2014,forêt vatable
4729,Year 2014 (40% below median visits),2014,forêt vatable
4730,Year 2014 (40% below median visits),2014,forêt vatable
4731,Year 2014 (40% below median visits),2014,forêt vatable
4732,Year 2014 (40% below median visits),2014,forêt vatable
4733,Year 2014 (40% below median visits),2014,forêt vatable
4734,Year 2014 (40% below median visits),2014,forêt vatable
4735,Year 2014 (40% below median visits),2014,forêt vatable
4736,Year 2014 (40% below median visits),2014,forêt vatable
4737,Year 2014 (40% below median visits),2014,forêt vatable
4738,Year 2014 (40% below median visits),2014,forêt vatable
4739,Year 2014 (40% below median visits),2014,forêt vatable
4740,Year 2014 (40% below median visits),2014,forêt vatable
4741,Year 2014 (40% below median visits),2014,forêt vatable
4742,Year 2014 (40% below median visits),2014,forêt vatable
4743,Year 2014 (40% below median visits),2014,forêt vatable
4744,Year 2014 (40% below median visits),2014,forêt vatable
4745,Year 2014 (40% below median visits),2014,forêt vatable
4746,Year 2014 (40% below median visits),2014,forêt vatable
4747,Year 2014 (40% below median visits),2014,forêt vatable
4748,Year 2014 (40% below median visits),2014,forêt vatable
4749,Year 2014 (40% below median visits),2014,forêt vatable
4750,Year 2014 (40% below median visits),2014,forêt vatable
4751,Year 2014 (40% below median visits),2014,forêt vatable
4752,Year 2014 (40% below median visits),2014,forêt vatable
4753,Year 2014 (40% below median visits),2014,forêt vatable
4754,Year 2014 (40% below median visits),2014,forêt vatable
4755,Year 2014 (40% below median visits),2014,forêt vatable
4756,Year 2014 (40% below median visits),2014,forêt vatable
4757,Year 2014 (40% below median visits),2014,forêt vatable
4758,Year 2014 (40% below median visits),2014,piton crève-cœur
4759,Year 2014 (40% below median visits),2014,piton crève-cœur
4760,Year 2014 (40% below median visits),2014,piton crève-cœur
4761,Year 2014 (40% below median visits),2014,piton crève-cœur
4762,Year 2014 (40% below median visits),2014,piton crève-cœur
4763,Year 2014 (40% below median visits),2014,piton crève-cœur
4764,Year 2014 (40% below median visits),2014,piton crève-cœur
4765,Year 2014 (40% below median visits),2014,piton crève-cœur
4766,Year 2014 (40% below median visits),2014,piton crève-cœur
4767,Year 2014 (40% below median visits),2014,piton crève-cœur
4768,Year 2014 (40% below median visits),2014,piton crève-cœur
4769,Year 2014 (40% below median visits),2014,piton crève-cœur
4770,Year 2014 (40% below median visits),2014,piton crève-cœur
4771,Year 2014 (40% below median visits),2014,piton crève-cœur
4772,Year 2014 (40% below median visits),2014,piton crève-cœur
4773,Year 2014 (40% below median visits),2014,piton crève-cœur
4774,Year 2014 (40% below median visits),2014,piton crève-cœur
4775,Year 2014 (40% below median visits),2014,piton crève-cœur
4776,Year 2014 (40% below median visits),2014,piton crève-cœur
4777,Year 2014 (40% below median visits),2014,piton crève-cœur
4778,Year 2014 (40% below median visits),2014,piton crève-cœur
4779,Year 2014 (40% below median visits),2014,piton crève-cœur
4780,Year 2014 (40% below median visits),2014,piton crève-cœur
4781,Year 2014 (40% below median visits),2014,piton crève-cœur
4782,Year 2014 (40% below median visits),2014,piton crève-cœur
4783,Year 2014 (40% below median visits),2014,piton crève-cœur
4784,Year 2014 (40% below median visits),2014,piton crève-cœur
4785,Year 2014 (40% below median visits),2014,piton crève-cœur
4786,Year 2014 (40% below median visits),2014,piton crève-cœur
4787,Year 2014 (40% below median visits),2014,piton crève-cœur
4788,Year 2014 (40% below median visits),2014,piton crève-cœur
4789,Year 2014 (40% below median visits),2014,piton crève-cœur
4790,Year 2014 (40% below median visits),2014,piton crève-cœur
4791,Year 2014 (40% below median visits),2014,piton crève-cœur
4792,Year 2014 (40% below median visits),2014,piton crève-cœur
4793,Year 2014 (40% below median visits),2014,piton crève-cœur
4794,Year 2014 (40% below median visits),2014,piton crève-cœur
4795,Year 2014 (40% below median visits),2014,piton crève-cœur
4796,Year 2014 (40% below median visits),2014,piton crève-cœur
4797,Year 2014 (40% below median visits),2014,piton crève-cœur
4798,Year 2014 (40% below median visits),2014,piton crève-cœur
4799,Year 2014 (40% below median visits),2014,piton crève-cœur
4800,Year 2014 (40% below median visits),2014,piton crève-cœur
4801,Year 2014 (40% below median visits),2014,piton crève-cœur
4802,Year 2014 (40% below median visits),2014,piton crève-cœur
4803,Year 2014 (40% below median visits),2014,piton crève-cœur
4804,Year 2014 (40% below median visits),2014,piton crève-cœur
4805,Year 2014 (40% below median visits),2014,piton crève-cœur
4806,Year 2014 (40% below median visits),2014,piton crève-cœur
4807,Year 2014 (40% below median visits),2014,piton crève-cœur
4808,Year 2014 (40% below median visits),2014,forêt vatable
4809,Year 2014 (40% below median visits),2014,forêt vatable
4810,Year 2014 (40% below median visits),2014,forêt vatable
4811,Year 2014 (40% below median visits),2014,forêt vatable
4812,Year 2014 (40% below median visits),2014,forêt vatable
4813,Year 2014 (40% below median visits),2014,forêt vatable
4814,Year 2014 (40% below median visits),2014,forêt vatable
4815,Year 2014 (40% below median visits),2014,forêt vatable
4816,Year 2014 (40% below median visits),2014,forêt vatable
4817,Year 2014 (40% below median visits),2014,forêt vatable
4818,Year 2014 (40% below median visits),2014,forêt vatable
4819,Year 2014 (40% below median visits),2014,forêt vatable
4820,Year 2014 (40% below median visits),2014,forêt vatable
4821,Year 2014 (40% below median visits),2014,forêt vatable
4822,Year 2014 (40% below median visits),2014,forêt vatable
4823,Year 2014 (40% below median visits),2014,forêt vatable
4824,Year 2014 (40% below median visits),2014,forêt vatable
4825,Year 2014 (40% below median visits),2014,forêt vatable
4826,Year 2014 (40% below median visits),2014,forêt vatable
4827,Year 2014 (40% below median visits),2014,forêt vatable
4828,Year 2014 (40% below median visits),2014,forêt vatable
4829,Year 2014 (40% below median visits),2014,forêt vatable
4830,Year 2014 (40% below median visits),2014,forêt vatable
4831,Year 2014 (40% below median visits),2014,forêt vatable
4832,Year 2014 (40% below median visits),2014,forêt vatable
4833,Year 2014 (40% below median visits),2014,forêt vatable
4834,Year 2014 (40% below median visits),2014,forêt vatable
4835,Year 2014 (40% below median visits),2014,forêt vatable
4836,Year 2014 (40% below median visits),2014,forêt vatable
4837,Year 2014 (40% below median visits),2014,forêt vatable
4838,Year 2014 (40% below median visits),2014,forêt vatable
4839,Year 2014 (40% below median visits),2014,forêt vatable
4840,Year 2014 (40% below median visits),2014,forêt vatable
4841,Year 2014 (40% below median visits),2014,forêt vatable
4842,Year 2014 (40% below median visits),2014,forêt vatable
4843,Year 2014 (40% below median visits),2014,forêt vatable
4844,Year 2014 (40% below median visits),2014,forêt vatable
4845,Year 2014 (40% below median visits),2014,forêt vatable
4846,Year 2014 (40% below median visits),2014,forêt vatable
4847,Year 2014 (40% below median visits),2014,forêt vatable
4848,Year 2014 (40% below median visits),2014,forêt vatable
4849,Year 2014 (40% below median visits),2014,forêt vatable
4850,Year 2014 (40% below median visits),2014,forêt vatable
4851,Year 2014 (40% below median visits),2014,forêt vatable
4852,Year 2014 (40% below median visits),2014,forêt vatable
4853,Year 2014 (40% below median visits),2014,forêt vatable
4854,Year 2014 (40% below median visits),2014,forêt vatable
4855,Year 2014 (40% below median visits),2014,forêt vatable
4856,Year 2014 (40% below median visits),2014,forêt vatable
4857,Year 2014 (40% below median visits),2014,forêt vatable
4858,Year 2014 (40% below median visits),2014,forêt vatable
4859,Year 2014 (40% below median visits),2014,forêt vatable
4860,Year 2014 (40% below median visits),2014,forêt vatable
4861,Year 2014 (40% below median visits),2014,forêt vatable
4862,Year 2014 (40% below median visits),2014,forêt vatable
4863,Year 2014 (40% below median visits),2014,forêt vatable
4864,Year 2014 (40% below median visits),2014,forêt vatable
4865,Year 2014 (40% below median visits),2014,forêt vatable
4866,Year 2014 (40% below median visits),2014,forêt vatable
4867,Year 2014 (40% below median visits),2014,forêt vatable
4868,Year 2014 (40% below median visits),2014,forêt vatable
4869,Year 2014 (40% below median visits),2014,pointe rouge
4870,Year 2014 (40% below median visits),2014,pointe rouge
4871,Year 2014 (40% below median visits),2014,pointe rouge
4872,Year 2014 (40% below median visits),2014,pointe rouge
4873,Year 2014 (40% below median visits),2014,pointe rouge
4874,Year 2014 (40% below median visits),2014,pointe rouge
4875,Year 2014 (40% below median visits),2014,pointe rouge
4876,Year 2014 (40% below median visits),2014,pointe rouge
4877,Year 2014 (40% below median visits),2014,pointe rouge
4878,Year 2014 (40% below median visits),2014,pointe rouge
4879,Year 2014 (40% below median visits),2014,pointe rouge
4880,Year 2014 (40% below median visits),2014,pointe rouge
4881,Year 2014 (40% below median visits),2014,pointe rouge
4882,Year 2014 (40% below median visits),2014,pointe rouge
4883,Year 2014 (40% below median visits),2014,pointe rouge
4884,Year 2014 (40% below median visits),2014,pointe rouge
4885,Year 2014 (40% below median visits),2014,pointe rouge
4886,Year 2014 (40% below median visits),2014,pointe rouge
4887,Year 2014 (40% below median visits),2014,pointe rouge
4888,Year 2014 (40% below median visits),2014,pointe rouge
4889,Year 2014 (40% below median visits),2014,pointe rouge
4890,Year 2014 (40% below median visits),2014,pointe rouge
4891,Year 2014 (40% below median visits),2014,pointe rouge
4892,Year 2014 (40% below median visits),2014,pointe rouge
4893,Year 2014 (40% below median visits),2014,pointe rouge
4894,Year 2014 (40% below median visits),2014,pointe rouge
4895,Year 2014 (40% below median visits),2014,pointe rouge
4896,Year 2014 (40% below median visits),2014,pointe rouge
4897,Year 2014 (40% below median visits),2014,pointe rouge
4898,Year 2014 (40% below median visits),2014,pointe rouge
4899,Year 2014 (40% below median visits),2014,pointe rouge
4900,Year 2014 (40% below median visits),2014,pointe rouge
4901,Year 2014 (40% below median visits),2014,pointe rouge
4902,Year 2014 (40% below median visits),2014,pointe rouge
4903,Year 2014 (40% below median visits),2014,pointe rouge
4904,Year 2014 (40% below median visits),2014,pointe rouge
4905,Year 2014 (40% below median visits),2014,pointe rouge
4906,Year 2014 (40% below median visits),2014,pointe rouge
4907,Year 2014 (40% below median visits),2014,pointe rouge
4908,Year 2014 (40% below median visits),2014,pointe rouge
4909,Year 2014 (40% below median visits),2014,pointe rouge
4910,Year 2014 (40% below median visits),2014,pointe rouge
4911,Year 2014 (40% below median visits),2014,pointe rouge
4912,Year 2014 (40% below median visits),2014,pointe rouge
4913,Year 2014 (40% below median visits),2014,pointe rouge
4914,Year 2014 (40% below median visits),2014,pointe rouge
4915,Year 2014 (40% below median visits),2014,pointe rouge
4916,Year 2014 (40% below median visits),2014,pointe rouge
4917,Year 2014 (40% below median visits),2014,pointe rouge
4918,Year 2014 (40% below median visits),2014,pointe rouge
4919,Year 2014 (40% below median visits),2014,pointe rouge
4920,Year 2014 (40% below median visits),2014,pointe rouge
4921,Year 2014 (40% below median visits),2014,petit sentier rnc
4922,Year 2014 (40% below median visits),2014,petit sentier rnc
4923,Year 2014 (40% below median visits),2014,petit sentier rnc
4924,Year 2014 (40% below median visits),2014,petit sentier rnc
4925,Year 2014 (40% below median visits),2014,petit sentier rnc
4926,Year 2014 (40% below median visits),2014,petit sentier rnc
4927,Year 2014 (40% below median visits),2014,petit sentier rnc
4928,Year 2014 (40% below median visits),2014,petit sentier rnc
4929,Year 2014 (40% below median visits),2014,petit sentier rnc
4930,Year 2014 (40% below median visits),2014,petit sentier rnc
4931,Year 2014 (40% below median visits),2014,petit sentier rnc
4932,Year 2014 (40% below median visits),2014,petit sentier rnc
4933,Year 2014 (40% below median visits),2014,petit sentier rnc
4934,Year 2014 (40% below median visits),2014,petit sentier rnc
4935,Year 2014 (40% below median visits),2014,petit sentier rnc
4936,Year 2014 (40% below median visits),2014,petit sentier rnc
4937,Year 2014 (40% below median visits),2014,petit sentier rnc
4938,Year 2014 (40% below median visits),2014,petit sentier rnc
4939,Year 2014 (40% below median visits),2014,petit sentier rnc
4940,Year 2014 (40% below median visits),2014,petit sentier rnc
4941,Year 2014 (40% below median visits),2014,petit sentier rnc
4942,Year 2014 (40% below median visits),2014,petit sentier rnc
4943,Year 2014 (40% below median visits),2014,petit sentier rnc
4944,Year 2014 (40% below median visits),2014,petit sentier rnc
4945,Year 2014 (40% below median visits),2014,petit sentier rnc
4946,Year 2014 (40% below median visits),2014,petit sentier rnc
4947,Year 2014 (40% below median visits),2014,petit sentier rnc
4948,Year 2014 (40% below median visits),2014,petit sentier rnc
4949,Year 2014 (40% below median visits),2014,petit sentier rnc
4950,Year 2014 (40% below median visits),2014,petit sentier rnc
4951,Year 2014 (40% below median visits),2014,petit sentier rnc
4952,Year 2014 (40% below median visits),2014,petit sentier rnc
4953,Year 2014 (40% below median visits),2014,petit sentier rnc
4954,Year 2014 (40% below median visits),2014,petit sentier rnc
4955,Year 2014 (40% below median visits),2014,petit sentier rnc
4956,Year 2014 (40% below median visits),2014,petit sentier rnc
4957,Year 2014 (40% below median visits),2014,petit sentier rnc
4958,Year 2014 (40% below median visits),2014,petit sentier rnc
4959,Year 2014 (40% below median visits),2014,petit sentier rnc
4960,Year 2014 (40% below median visits),2014,petit sentier rnc
4961,Year 2014 (40% below median visits),2014,petit sentier rnc
4962,Year 2014 (40% below median visits),2014,petit sentier rnc
4963,Year 2014 (40% below median visits),2014,petit sentier rnc
4964,Year 2014 (40% below median visits),2014,petit sentier rnc
4965,Year 2014 (40% below median visits),2014,petit sentier rnc
4966,Year 2014 (40% below median visits),2014,petit sentier rnc
4967,Year 2014 (40% below median visits),2014,petit sentier rnc
4968,Year 2014 (40% below median visits),2014,petit sentier rnc
4969,Year 2014 (40% below median visits),2014,petit sentier rnc
4970,Year 2014 (40% below median visits),2014,petit sentier rnc
4971,Year 2014 (40% below median visits),2014,petit sentier rnc
4972,Year 2014 (40% below median visits),2014,petit sentier rnc
4973,Year 2014 (40% below median visits),2014,petit sentier rnc
4974,Year 2014 (40% below median visits),2014,petit sentier rnc
4975,Year 2014 (40% below median visits),2014,petit sentier rnc
4976,Year 2014 (40% below median visits),2014,petit sentier rnc
4977,Year 2014 (40% below median visits),2014,petit sentier rnc
4978,Year 2014 (40% below median visits),2014,petit sentier rnc
4979,Year 2014 (40% below median visits),2014,pointe rouge
4980,Year 2014 (40% below median visits),2014,pointe rouge
4981,Year 2014 (40% below median visits),2014,pointe rouge
4982,Year 2014 (40% below median visits),2014,pointe rouge
4983,Year 2014 (40% below median visits),2014,pointe rouge
4984,Year 2014 (40% below median visits),2014,pointe rouge
4985,Year 2014 (40% below median visits),2014,pointe rouge
4986,Year 2014 (40% below median visits),2014,pointe rouge
4987,Year 2014 (40% below median visits),2014,pointe rouge
4988,Year 2014 (40% below median visits),2014,pointe rouge
4989,Year 2014 (40% below median visits),2014,pointe rouge
4990,Year 2014 (40% below median visits),2014,pointe rouge
4991,Year 2014 (40% below median visits),2014,pointe rouge
4992,Year 2014 (40% below median visits),2014,pointe rouge
4993,Year 2014 (40% below median visits),2014,pointe rouge
4994,Year 2014 (40% below median visits),2014,pointe rouge
4995,Year 2014 (40% below median visits),2014,pointe rouge
4996,Year 2014 (40% below median visits),2014,pointe rouge
4997,Year 2014 (40% below median visits),2014,pointe rouge
4998,Year 2014 (40% below median visits),2014,pointe rouge
4999,Year 2014 (40% below median visits),2014,pointe rouge
5000,Year 2014 (40% below median visits),2014,pointe rouge
5001,Year 2014 (40% below median visits),2014,pointe rouge
5002,Year 2014 (40% below median visits),2014,pointe rouge
5003,Year 2014 (40% below median visits),2014,pointe rouge
5004,Year 2014 (40% below median visits),2014,pointe rouge
5005,Year 2014 (40% below median visits),2014,pointe rouge
5006,Year 2014 (40% below median visits),2014,pointe rouge
5007,Year 2014 (40% below median visits),2014,pointe rouge
5008,Year 2014 (40% below median visits),2014,pointe rouge
5009,Year 2014 (40% below median visits),2014,pointe rouge
5010,Year 2014 (40% below median visits),2014,pointe rouge
5011,Year 2014 (40% below median visits),2014,pointe rouge
5012,Year 2014 (40% below median visits),2014,pointe rouge
5013,Year 2014 (40% below median visits),2014,pointe rouge
5014,Year 2014 (40% below median visits),2014,pointe rouge
5015,Year 2014 (40% below median visits),2014,pointe rouge
5016,Year 2014 (40% below median visits),2014,pointe rouge
5017,Year 2014 (40% below median visits),2014,pointe rouge
5018,Year 2014 (40% below median visits),2014,pointe rouge
5019,Year 2014 (40% below median visits),2014,pointe rouge
5020,Year 2014 (40% below median visits),2014,pointe rouge
5021,Year 2014 (40% below median visits),2014,pointe rouge
5022,Year 2014 (40% below median visits),2014,pointe rouge
5023,Year 2014 (40% below median visits),2014,pointe rouge
5024,Year 2014 (40% below median visits),2014,pointe rouge
5025,Year 2014 (40% below median visits),2014,pointe rouge
5026,Year 2014 (40% below median visits),2014,pointe rouge
5027,Year 2014 (40% below median visits),2014,pointe rouge
5028,Year 2014 (40% below median visits),2014,pointe rouge
5029,Year 2014 (40% below median visits),2014,pointe rouge
5030,Year 2014 (40% below median visits),2014,pointe rouge
5031,Year 2014 (40% below median visits),2014,pointe rouge
5032,Year 2014 (40% below median visits),2014,pointe rouge
5033,Year 2014 (40% below median visits),2014,pointe rouge
5034,Year 2014 (40% below median visits),2014,petit sentier rnc
5035,Year 2014 (40% below median visits),2014,petit sentier rnc
5036,Year 2014 (40% below median visits),2014,petit sentier rnc
5037,Year 2014 (40% below median visits),2014,petit sentier rnc
5038,Year 2014 (40% below median visits),2014,petit sentier rnc
5039,Year 2014 (40% below median visits),2014,petit sentier rnc
5040,Year 2014 (40% below median visits),2014,petit sentier rnc
5041,Year 2014 (40% below median visits),2014,petit sentier rnc
5042,Year 2014 (40% below median visits),2014,petit sentier rnc
5043,Year 2014 (40% below median visits),2014,petit sentier rnc
5044,Year 2014 (40% below median visits),2014,petit sentier rnc
5045,Year 2014 (40% below median visits),2014,petit sentier rnc
5046,Year 2014 (40% below median visits),2014,petit sentier rnc
5047,Year 2014 (40% below median visits),2014,petit sentier rnc
5048,Year 2014 (40% below median visits),2014,petit sentier rnc
5049,Year 2014 (40% below median visits),2014,petit sentier rnc
5050,Year 2014 (40% below median visits),2014,petit sentier rnc
5051,Year 2014 (40% below median visits),2014,petit sentier rnc
5052,Year 2014 (40% below median visits),2014,petit sentier rnc
5053,Year 2014 (40% below median visits),2014,petit sentier rnc
5054,Year 2014 (40% below median visits),2014,petit sentier rnc
5055,Year 2014 (40% below median visits),2014,petit sentier rnc
5056,Year 2014 (40% below median visits),2014,petit sentier rnc
5057,Year 2014 (40% below median visits),2014,petit sentier rnc
5058,Year 2014 (40% below median visits),2014,petit sentier rnc
5059,Year 2014 (40% below median visits),2014,petit sentier rnc
5060,Year 2014 (40% below median visits),2014,petit sentier rnc
5061,Year 2014 (40% below median visits),2014,petit sentier rnc
5062,Year 2014 (40% below median visits),2014,petit sentier rnc
5063,Year 2014 (40% below median visits),2014,petit sentier rnc
5064,Year 2014 (40% below median visits),2014,petit sentier rnc
5065,Year 2014 (40% below median visits),2014,petit sentier rnc
5066,Year 2014 (40% below median visits),2014,petit sentier rnc
5067,Year 2014 (40% below median visits),2014,petit sentier rnc
5068,Year 2014 (40% below median visits),2014,petit sentier rnc
5069,Year 2014 (40% below median visits),2014,petit sentier rnc
5070,Year 2014 (40% below median visits),2014,petit sentier rnc
5071,Year 2014 (40% below median visits),2014,petit sentier rnc
5072,Year 2014 (40% below median visits),2014,petit sentier rnc
5073,Year 2014 (40% below median visits),2014,petit sentier rnc
5074,Year 2014 (40% below median visits),2014,petit sentier rnc
5075,Year 2014 (40% below median visits),2014,petit sentier rnc
5076,Year 2014 (40% below median visits),2014,petit sentier rnc
5077,Year 2014 (40% below median visits),2014,petit sentier rnc
5078,Year 2014 (40% below median visits),2014,petit sentier rnc
5079,Year 2014 (40% below median visits),2014,petit sentier rnc
5080,Year 2014 (40% below median visits),2014,petit sentier rnc
5081,Year 2014 (40% below median visits),2014,petit sentier rnc
5082,Year 2014 (40% below median visits),2014,petit sentier rnc
5083,Year 2014 (40% below median visits),2014,petit sentier rnc
5084,Year 2014 (40% below median visits),2014,petit sentier rnc
5085,Year 2014 (40% below median visits),2014,petit sentier rnc
5086,Year 2014 (40% below median visits),2014,petit sentier rnc
5087,Year 2014 (40% below median visits),2014,petit sentier rnc
5088,Year 2014 (40% below median visits),2014,petit sentier rnc
5089,Year 2014 (40% below median visits),2014,petit sentier rnc
5090,Year 2014 (40% below median visits),2014,petit sentier rnc
5091,Year 2014 (40% below median visits),2014,petit sentier rnc
5092,Year 2014 (40% below median visits),2014,pointe banane
5093,Year 2014 (40% below median visits),2014,pointe banane
5094,Year 2014 (40% below median visits),2014,pointe banane
5095,Year 2014 (40% below median visits),2014,pointe banane
5096,Year 2014 (40% below median visits),2014,pointe banane
5097,Year 2014 (40% below median visits),2014,pointe banane
5098,Year 2014 (40% below median visits),2014,pointe banane
5099,Year 2014 (40% below median visits),2014,pointe banane
5100,Year 2014 (40% below median visits),2014,pointe banane
5101,Year 2014 (40% below median visits),2014,pointe banane
5102,Year 2014 (40% below median visits),2014,pointe banane
5103,Year 2014 (40% below median visits),2014,pointe banane
5104,Year 2014 (40% below median visits),2014,pointe banane
5105,Year 2014 (40% below median visits),2014,pointe banane
5106,Year 2014 (40% below median visits),2014,pointe banane
5107,Year 2014 (40% below median visits),2014,pointe banane
5108,Year 2014 (40% below median visits),2014,pointe banane
5109,Year 2014 (40% below median visits),2014,pointe banane
5110,Year 2014 (40% below median visits),2014,pointe banane
5111,Year 2014 (40% below median visits),2014,pointe banane
5112,Year 2014 (40% below median visits),2014,pointe banane
5113,Year 2014 (40% below median visits),2014,pointe banane
5114,Year 2014 (40% below median visits),2014,pointe banane
5115,Year 2014 (40% below median visits),2014,pointe banane
5116,Year 2014 (40% below median visits),2014,pointe banane
5117,Year 2014 (40% below median visits),2014,pointe banane
5118,Year 2014 (40% below median visits),2014,pointe banane
5119,Year 2014 (40% below median visits),2014,pointe banane
5120,Year 2014 (40% below median visits),2014,pointe banane
5121,Year 2014 (40% below median visits),2014,pointe banane
5122,Year 2014 (40% below median visits),2014,pointe banane
5123,Year 2014 (40% below median visits),2014,pointe banane
5124,Year 2014 (40% below median visits),2014,pointe banane
5125,Year 2014 (40% below median visits),2014,pointe banane
5126,Year 2014 (40% below median visits),2014,pointe banane
5127,Year 2014 (40% below median visits),2014,pointe banane
5128,Year 2014 (40% below median visits),2014,pointe banane
5129,Year 2014 (40% below median visits),2014,pointe banane
5130,Year 2014 (40% below median visits),2014,pointe banane
5131,Year 2014 (40% below median visits),2014,pointe banane
5132,Year 2014 (40% below median visits),2014,pointe banane
5133,Year 2014 (40% below median visits),2014,pointe banane
5134,Year 2014 (40% below median visits),2014,pointe banane
5135,Year 2014 (40% below median visits),2014,pointe banane
5136,Year 2014 (40% below median visits),2014,pointe banane
5137,Year 2014 (40% below median visits),2014,pointe banane
5138,Year 2014 (40% below median visits),2014,pointe banane
5139,Year 2014 (40% below median visits),2014,pointe banane
5140,Year 2014 (40% below median visits),2014,pointe banane
5141,Year 2014 (40% below median visits),2014,pointe banane
5142,Year 2014 (40% below median visits),2014,pointe banane
5143,Year 2014 (40% below median visits),2014,pointe banane
5144,Year 2014 (40% below median visits),2014,pointe banane
5145,Year 2014 (40% below median visits),2014,pointe banane
5146,Year 2014 (40% below median visits),2014,pointe banane
5147,Year 2014 (40% below median visits),2014,pointe banane
5148,Year 2014 (40% below median visits),2014,pointe banane
5149,Year 2014 (40% below median visits),2014,pointe banane
5150,Year 2014 (40% below median visits),2014,pointe banane
5151,Year 2014 (40% below median visits),2014,pointe banane
5152,Year 2014 (40% below median visits),2014,pointe banane
5153,Year 2014 (40% below median visits),2014,pointe banane
5154,Year 2014 (40% below median visits),2014,pointe lynch
5155,Year 2014 (40% below median visits),2014,pointe lynch
5156,Year 2014 (40% below median visits),2014,pointe lynch
5157,Year 2014 (40% below median visits),2014,pointe lynch
5158,Year 2014 (40% below median visits),2014,pointe lynch
5159,Year 2014 (40% below median visits),2014,pointe lynch
5160,Year 2014 (40% below median visits),2014,pointe lynch
5161,Year 2014 (40% below median visits),2014,pointe lynch
5162,Year 2014 (40% below median visits),2014,pointe lynch
5163,Year 2014 (40% below median visits),2014,pointe lynch
5164,Year 2014 (40% below median visits),2014,pointe lynch
5165,Year 2014 (40% below median visits),2014,pointe lynch
5166,Year 2014 (40% below median visits),2014,pointe lynch
5167,Year 2014 (40% below median visits),2014,pointe lynch
5168,Year 2014 (40% below median visits),2014,pointe lynch
5169,Year 2014 (40% below median visits),2014,pointe lynch
5170,Year 2014 (40% below median visits),2014,pointe lynch
5171,Year 2014 (40% below median visits),2014,pointe lynch
5172,Year 2014 (40% below median visits),2014,pointe lynch
5173,Year 2014 (40% below median visits),2014,pointe lynch
5174,Year 2014 (40% below median visits),2014,pointe lynch
5175,Year 2014 (40% below median visits),2014,pointe lynch
5176,Year 2014 (40% below median visits),2014,pointe lynch
5177,Year 2014 (40% below median visits),2014,pointe lynch
5178,Year 2014 (40% below median visits),2014,pointe lynch
5179,Year 2014 (40% below median visits),2014,pointe lynch
5180,Year 2014 (40% below median visits),2014,pointe lynch
5181,Year 2014 (40% below median visits),2014,pointe lynch
5182,Year 2014 (40% below median visits),2014,pointe lynch
5183,Year 2014 (40% below median visits),2014,pointe lynch
5184,Year 2014 (40% below median visits),2014,pointe lynch
5185,Year 2014 (40% below median visits),2014,pointe lynch
5186,Year 2014 (40% below median visits),2014,pointe lynch
5187,Year 2014 (40% below median visits),2014,pointe lynch
5188,Year 2014 (40% below median visits),2014,pointe lynch
5189,Year 2014 (40% below median visits),2014,pointe lynch
5190,Year 2014 (40% below median visits),2014,pointe lynch
5191,Year 2014 (40% below median visits),2014,pointe lynch
5192,Year 2014 (40% below median visits),2014,pointe lynch
5193,Year 2014 (40% below median visits),2014,pointe lynch
5194,Year 2014 (40% below median visits),2014,pointe lynch
5195,Year 2014 (40% below median visits),2014,pointe lynch
5196,Year 2014 (40% below median visits),2014,pointe lynch
5197,Year 2014 (40% below median visits),2014,pointe lynch
5198,Year 2014 (40% below median visits),2014,pointe lynch
5199,Year 2014 (40% below median visits),2014,pointe lynch
5200,Year 2014 (40% below median visits),2014,pointe lynch
5201,Year 2014 (40% below median visits),2014,pointe lynch
5202,Year 2014 (40% below median visits),2014,pointe lynch
5203,Year 2014 (40% below median visits),2014,pointe lynch
5204,Year 2014 (40% below median visits),2014,pointe lynch
5205,Year 2014 (40% below median visits),2014,pointe lynch
5206,Year 2014 (40% below median visits),2014,pointe lynch
5207,Year 2014 (40% below median visits),2014,pointe lynch
5208,Year 2014 (40% below median visits),2014,pointe lynch
5209,Year 2014 (40% below median visits),2014,pointe lynch
5210,Year 2014 (40% below median visits),2014,pointe lynch
5211,Year 2014 (40% below median visits),2014,pointe lynch
5212,Year 2014 (40% below median visits),2014,pointe lynch
5213,Year 2014 (40% below median visits),2014,pointe lynch
5214,Year 2014 (40% below median visits),2014,pointe lynch
5215,Year 2014 (40% below median visits),2014,pointe lynch
5216,Year 2014 (40% below median visits),2014,pointe lynch
5217,Year 2014 (40% below median visits),2014,pointe lynch
5218,Year 2014 (40% below median visits),2014,pointe lynch
5219,Year 2014 (40% below median visits),2014,pointe lynch
5220,Year 2014 (40% below median visits),2014,pointe lynch
5221,Year 2014 (40% below median visits),2014,pointe lynch
5222,Year 2014 (40% below median visits),2014,pointe lynch
5223,Year 2014 (40% below median visits),2014,pointe lynch
5224,Year 2014 (40% below median visits),2014,pointe lynch
5225,Year 2014 (40% below median visits),2014,pointe lynch
5226,Year 2014 (40% below median visits),2014,pointe lynch
5227,Year 2014 (40% below median visits),2014,pointe lynch
5228,Year 2014 (40% below median visits),2014,pointe lynch
5229,Year 2014 (40% below median visits),2014,pointe lynch
5230,Year 2014 (40% below median visits),2014,pointe lynch
5231,Year 2014 (40% below median visits),2014,pointe lynch
5232,Year 2014 (40% below median visits),2014,pointe lynch
5233,Year 2014 (40% below median visits),2014,pointe lynch
5234,Year 2014 (40% below median visits),2014,pointe lynch
5235,Year 2014 (40% below median visits),2014,pointe lynch
5236,Year 2014 (40% below median visits),2014,pointe lynch
5237,Year 2014 (40% below median visits),2014,pointe lynch
5238,Year 2014 (40% below median visits),2014,pointe lynch
5239,Year 2014 (40% below median visits),2014,pointe lynch
5240,Year 2014 (40% below median visits),2014,pointe lynch
5241,Year 2014 (40% below median visits),2014,pointe lynch
5242,Year 2014 (40% below median visits),2014,pointe lynch
5243,Year 2014 (40% below median visits),2014,pointe lynch
5244,Year 2014 (40% below median visits),2014,pointe lynch
5245,Year 2014 (40% below median visits),2014,pointe lynch
5246,Year 2014 (40% below median visits),2014,pointe lynch
5247,Year 2014 (40% below median visits),2014,pointe lynch
5248,Year 2014 (40% below median visits),2014,pointe lynch
5249,Year 2014 (40% below median visits),2014,pointe lynch
5250,Year 2014 (40% below median visits),2014,pointe lynch
5251,Year 2014 (40% below median visits),2014,pointe lynch
5252,Year 2014 (40% below median visits),2014,pointe lynch
5253,Year 2014 (40% below median visits),2014,pointe lynch
5254,Year 2014 (40% below median visits),2014,pointe lynch
5255,Year 2014 (40% below median visits),2014,pointe lynch
5256,Year 2014 (40% below median visits),2014,pointe lynch
5257,Year 2014 (40% below median visits),2014,pointe lynch
5258,Year 2014 (40% below median visits),2014,pointe lynch
5259,Year 2014 (40% below median visits),2014,pointe lynch
5260,Year 2014 (40% below median visits),2014,pointe lynch
5261,Year 2014 (40% below median visits),2014,pointe lynch
5262,Year 2014 (40% below median visits),2014,pointe lynch
5263,Year 2014 (40% below median visits),2014,pointe lynch
5264,Year 2014 (40% below median visits),2014,pointe lynch
5265,Year 2014 (40% below median visits),2014,pointe lynch
5266,Year 2014 (40% below median visits),2014,pointe lynch
5267,Year 2014 (40% below median visits),2014,pointe lynch
5268,Year 2014 (40% below median visits),2014,pointe lynch
5269,Year 2014 (40% below median visits),2014,pointe lynch
5270,Year 2014 (40% below median visits),2014,pointe lynch
5271,Year 2014 (40% below median visits),2014,pointe lynch
5272,Year 2014 (40% below median visits),2014,pointe lynch
5273,Year 2014 (40% below median visits),2014,pointe lynch
5274,Year 2014 (40% below median visits),2014,pointe lynch
5275,Year 2014 (40% below median visits),2014,pointe lynch
5276,Year 2014 (40% below median visits),2014,pointe lynch
5277,Year 2014 (40% below median visits),2014,pointe lynch
5278,Year 2014 (40% below median visits),2014,pointe lynch
5279,Year 2014 (40% below median visits),2014,pointe lynch
5280,Year 2014 (40% below median visits),2014,pointe lynch
5281,Year 2014 (40% below median visits),2014,pointe lynch
5282,Year 2014 (40% below median visits),2014,pointe lynch
5283,Year 2014 (40% below median visits),2014,pointe lynch
5284,Year 2014 (40% below median visits),2014,pointe lynch
5285,Year 2014 (40% below median visits),2014,pointe banane
5286,Year 2014 (40% below median visits),2014,pointe banane
5287,Year 2014 (40% below median visits),2014,pointe banane
5288,Year 2014 (40% below median visits),2014,pointe banane
5289,Year 2014 (40% below median visits),2014,pointe banane
5290,Year 2014 (40% below median visits),2014,pointe banane
5291,Year 2014 (40% below median visits),2014,pointe banane
5292,Year 2014 (40% below median visits),2014,pointe banane
5293,Year 2014 (40% below median visits),2014,pointe banane
5294,Year 2014 (40% below median visits),2014,pointe banane
5295,Year 2014 (40% below median visits),2014,pointe banane
5296,Year 2014 (40% below median visits),2014,pointe banane
5297,Year 2014 (40% below median visits),2014,pointe banane
5298,Year 2014 (40% below median visits),2014,pointe banane
5299,Year 2014 (40% below median visits),2014,pointe banane
5300,Year 2014 (40% below median visits),2014,pointe banane
5301,Year 2014 (40% below median visits),2014,pointe banane
5302,Year 2014 (40% below median visits),2014,pointe banane
5303,Year 2014 (40% below median visits),2014,pointe banane
5304,Year 2014 (40% below median visits),2014,pointe banane
5305,Year 2014 (40% below median visits),2014,pointe banane
5306,Year 2014 (40% below median visits),2014,pointe banane
5307,Year 2014 (40% below median visits),2014,pointe banane
5308,Year 2014 (40% below median visits),2014,pointe banane
5309,Year 2014 (40% below median visits),2014,pointe banane
5310,Year 2014 (40% below median visits),2014,pointe banane
5311,Year 2014 (40% below median visits),2014,pointe banane
5312,Year 2014 (40% below median visits),2014,pointe banane
5313,Year 2014 (40% below median visits),2014,pointe banane
5314,Year 2014 (40% below median visits),2014,pointe banane
5315,Year 2014 (40% below median visits),2014,pointe banane
5316,Year 2014 (40% below median visits),2014,pointe banane
5317,Year 2014 (40% below median visits),2014,pointe banane
5318,Year 2014 (40% below median visits),2014,pointe banane
5319,Year 2014 (40% below median visits),2014,pointe banane
5320,Year 2014 (40% below median visits),2014,pointe banane
5321,Year 2014 (40% below median visits),2014,pointe banane
5322,Year 2014 (40% below median visits),2014,pointe banane
5323,Year 2014 (40% below median visits),2014,pointe banane
5324,Year 2014 (40% below median visits),2014,pointe banane
5325,Year 2014 (40% below median visits),2014,pointe banane
5326,Year 2014 (40% below median visits),2014,pointe banane
5327,Year 2014 (40% below median visits),2014,pointe banane
5328,Year 2014 (40% below median visits),2014,pointe banane
5329,Year 2014 (40% below median visits),2014,pointe banane
5330,Year 2014 (40% below median visits),2014,carrère
5331,Year 2014 (40% below median visits),2014,carrère
5332,Year 2014 (40% below median visits),2014,carrère
5333,Year 2014 (40% below median visits),2014,carrère
5334,Year 2014 (40% below median visits),2014,carrère
5335,Year 2014 (40% below median visits),2014,carrère
5336,Year 2014 (40% below median visits),2014,carrère
5337,Year 2014 (40% below median visits),2014,carrère
5338,Year 2014 (40% below median visits),2014,carrère
5339,Year 2014 (40% below median visits),2014,carrère
5340,Year 2014 (40% below median visits),2014,carrère
5341,Year 2014 (40% below median visits),2014,carrère
5342,Year 2014 (40% below median visits),2014,carrère
5343,Year 2014 (40% below median visits),2014,carrère
5344,Year 2014 (40% below median visits),2014,carrère
5345,Year 2014 (40% below median visits),2014,carrère
5346,Year 2014 (40% below median visits),2014,carrère
5347,Year 2014 (40% below median visits),2014,carrère
5348,Year 2014 (40% below median visits),2014,carrère
5349,Year 2014 (40% below median visits),2014,carrère
5350,Year 2014 (40% below median visits),2014,carrère
5351,Year 2014 (40% below median visits),2014,carrère
5352,Year 2014 (40% below median visits),2014,carrère
5353,Year 2014 (40% below median visits),2014,carrère
5354,Year 2014 (40% below median visits),2014,carrère
5355,Year 2014 (40% below median visits),2014,carrère
5356,Year 2014 (40% below median visits),2014,carrère
5357,Year 2014 (40% below median visits),2014,carrère
5358,Year 2014 (40% below median visits),2014,carrère
5359,Year 2014 (40% below median visits),2014,carrère
5360,Year 2014 (40% below median visits),2014,carrère
5361,Year 2014 (40% below median visits),2014,carrère
5362,Year 2014 (40% below median visits),2014,carrère
5363,Year 2014 (40% below median visits),2014,carrère
5364,Year 2014 (40% below median visits),2014,carrère
5365,Year 2014 (40% below median visits),2014,carrère
5366,Year 2014 (40% below median visits),2014,carrère
5367,Year 2014 (40% below median visits),2014,carrère
5368,Year 2014 (40% below median visits),2014,carrère
5369,Year 2014 (40% below median visits),2014,carrère
5370,Year 2014 (40% below median visits),2014,carrère
5371,Year 2014 (40% below median visits),2014,carrère
5372,Year 2014 (40% below median visits),2014,carrère
5373,Year 2014 (40% below median visits),2014,carrère
5374,Year 2014 (40% below median visits),2014,carrère
5375,Year 2014 (40% below median visits),2014,carrère
5376,Year 2014 (40% below median visits),2014,carrère
5377,Year 2014 (40% below median visits),2014,carrère
5378,Year 2014 (40% below median visits),2014,carrère
5379,Year 2014 (40% below median visits),2014,carrère
105914,Transect <6 years with 10 points: bois pothau,2025,bois pothau
105915,Transect <6 years with 10 points: bois pothau,2025,bois pothau
105916,Transect <6 years with 10 points: bois pothau,2025,bois pothau
105917,Transect <6 years with 10 points: bois pothau,2025,bois pothau
105918,Transect <6 years with 10 points: bois pothau,2025,bois pothau
105919,Transect <6 years with 10 points: bois pothau,2025,bois pothau
105920,Transect <6 years with 10 points: bois pothau,2025,bois pothau
105921,Transect <6 years with 10 points: bois pothau,2025,bois pothau
105922,Transect <6 years with 10 points: bois pothau,2025,bois pothau
105923,Transect <6 years with 10 points: bois pothau,2025,bois pothau
105924,Transect <6 years with 10 points: bois pothau,2025,bois pothau
105925,Transect <6 years with 10 points: bois pothau,2025,bois pothau
105926,Transect <6 years with 10 points: bois pothau,2025,bois pothau
105927,Transect <6 years with 10 points: bois pothau,2025,bois pothau
105928,Transect <6 years with 10 points: bois pothau,2025,bois pothau
105929,Transect <6 years with 10 points: bois pothau,2025,bois pothau
105930,Transect <6 years with 10 points: bois pothau,2025,bois pothau
105931,Transect <6 years with 10 points: bois pothau,2025,bois pothau
105932,Transect <6 years with 10 points: bois pothau,2025,bois pothau
105933,Transect <6 years with 10 points: bois pothau,2025,bois pothau
105934,Transect <6 years with 10 points: bois pothau,2025,bois pothau
105935,Transect <6 years with 10 points: bois pothau,2025,bois pothau
105936,Transect <6 years with 10 points: bois pothau,2025,bois pothau
105937,Transect <6 years with 10 points: bois pothau,2025,bois pothau
105938,Transect <6 years with 10 points: bois pothau,2025,bois pothau
105939,Transect <6 years with 10 points: bois pothau,2025,bois pothau
105940,Transect <6 years with 10 points: bois pothau,2025,bois pothau
105941,Transect <6 years with 10 points: bois pothau,2025,bois pothau
105942,Transect <6 years with 10 points: bois pothau,2025,bois pothau
105943,Transect <6 years with 10 points: bois pothau,2025,bois pothau
105944,Transect <6 years with 10 points: bois pothau,2025,bois pothau
105945,Transect <6 years with 10 points: bois pothau,2025,bois pothau
105946,Transect <6 years with 10 points: bois pothau,2025,bois pothau
105947,Transect <6 years with 10 points: bois pothau,2025,bois pothau
105948,Transect <6 years with 10 points: bois pothau,2025,bois pothau
105949,Transect <6 years with 10 points: bois pothau,2025,bois pothau
105950,Transect <6 years with 10 points: bois pothau,2025,bois pothau
105951,Transect <6 years with 10 points: bois pothau,2025,bois pothau
105952,Transect <6 years with 10 points: bois pothau,2025,bois pothau
105953,Transect <6 years with 10 points: bois pothau,2025,bois pothau
105954,Transect <6 years with 10 points: bois pothau,2025,bois pothau
105955,Transect <6 years with 10 points: bois pothau,2025,bois pothau
105956,Transect <6 years with 10 points: bois pothau,2025,bois pothau
105957,Transect <6 years with 10 points: bois pothau,2025,bois pothau
105958,Transect <6 years with 10 points: bois pothau,2025,bois pothau
105959,Transect <6 years with 10 points: bois pothau,2025,bois pothau
105960,Transect <6 years with 10 points: bois pothau,2025,bois pothau
105961,Transect <6 years with 10 points: bois pothau,2025,bois pothau
105962,Transect <6 years with 10 points: bois pothau,2025,bois pothau
105963,Transect <6 years with 10 points: bois pothau,2025,bois pothau
105964,Transect <6 years with 10 points: bois pothau,2025,bois pothau
105965,Transect <6 years with 10 points: bois pothau,2025,bois pothau
105966,Transect <6 years with 10 points: bois pothau,2025,bois pothau
105967,Transect <6 years with 10 points: bois pothau,2025,bois pothau
105968,Transect <6 years with 10 points: bois pothau,2025,bois pothau
105969,Transect <6 years with 10 points: bois pothau,2025,bois pothau
105970,Transect <6 years with 10 points: bois pothau,2025,bois pothau
105971,Transect <6 years with 10 points: bois pothau,2025,bois pothau
105972,Transect <6 years with 10 points: bois pothau,2025,bois pothau
105973,Transect <6 years with 10 points: bois pothau,2025,bois pothau
105974,Transect <6 years with 10 points: bois pothau,2025,bois pothau
105975,Transect <6 years with 10 points: bois pothau,2025,bois pothau
105976,Transect <6 years with 10 points: bois pothau,2025,bois pothau
105977,Transect <6 years with 10 points: bois pothau,2025,bois pothau
105978,Transect <6 years with 10 points: bois pothau,2025,bois pothau
105979,Transect <6 years with 10 points: bois pothau,2025,bois pothau
105980,Transect <6 years with 10 points: bois pothau,2025,bois pothau
105981,Transect <6 years with 10 points: bois pothau,2025,bois pothau
105982,Transect <6 years with 10 points: bois pothau,2025,bois pothau
105983,Transect <6 years with 10 points: bois pothau,2025,bois pothau
105984,Transect <6 years with 10 points: bois pothau,2025,bois pothau
105985,Transect <6 years with 10 points: bois pothau,2025,bois pothau
105986,Transect <6 years with 10 points: bois pothau,2025,bois pothau
105987,Transect <6 years with 10 points: bois pothau,2025,bois pothau
105988,Transect <6 years with 10 points: bois pothau,2025,bois pothau
105989,Transect <6 years with 10 points: bois pothau,2025,bois pothau
105990,Transect <6 years with 10 points: bois pothau,2025,bois pothau
105991,Transect <6 years with 10 points: bois pothau,2025,bois pothau
105992,Transect <6 years with 10 points: bois pothau,2025,bois pothau
105993,Transect <6 years with 10 points: bois pothau,2025,bois pothau
105994,Transect <6 years with 10 points: bois pothau,2025,bois pothau
105995,Transect <6 years with 10 points: bois pothau,2025,bois pothau
105996,Transect <6 years with 10 points: bois pothau,2025,bois pothau
105997,Transect <6 years with 10 points: bois pothau,2025,bois pothau
105998,Transect <6 years with 10 points: bois pothau,2025,bois pothau
105999,Transect <6 years with 10 points: bois pothau,2025,bois pothau
106000,Transect <6 years with 10 points: bois pothau,2025,bois pothau
106001,Transect <6 years with 10 points: bois pothau,2025,bois pothau
106002,Transect <6 years with 10 points: bois pothau,2025,bois pothau
106003,Transect <6 years with 10 points: bois pothau,2025,bois pothau
106004,Transect <6 years with 10 points: bois pothau,2025,bois pothau
106005,Transect <6 years with 10 points: bois pothau,2025,bois pothau
106006,Transect <6 years with 10 points: bois pothau,2025,bois pothau
106007,Transect <6 years with 10 points: bois pothau,2025,bois pothau
106008,Transect <6 years with 10 points: bois pothau,2025,bois pothau
106009,Transect <6 years with 10 points: bois pothau,2025,bois pothau
106010,Transect <6 years with 10 points: bois pothau,2025,bois pothau
106011,Transect <6 years with 10 points: bois pothau,2025,bois pothau
106012,Transect <6 years with 10 points: bois pothau,2025,bois pothau
106013,Transect <6 years with 10 points: bois pothau,2025,bois pothau
106014,Transect <6 years with 10 points: bois pothau,2025,bois pothau
106015,Transect <6 years with 10 points: bois pothau,2025,bois pothau
106016,Transect <6 years with 10 points: bois pothau,2025,bois pothau
106017,Transect <6 years with 10 points: bois pothau,2025,bois pothau
106018,Transect <6 years with 10 points: bois pothau,2025,bois pothau
106019,Transect <6 years with 10 points: bois pothau,2025,bois pothau
106020,Transect <6 years with 10 points: bois pothau,2025,bois pothau
106021,Transect <6 years with 10 points: bois pothau,2025,bois pothau
106022,Transect <6 years with 10 points: bois pothau,2025,bois pothau
106023,Transect <6 years with 10 points: bois pothau,2025,bois pothau
106024,Transect <6 years with 10 points: bois pothau,2025,bois pothau
106025,Transect <6 years with 10 points: bois pothau,2025,bois pothau
106026,Transect <6 years with 10 points: bois pothau,2025,bois pothau
106027,Transect <6 years with 10 points: bois pothau,2025,bois pothau
106028,Transect <6 years with 10 points: bois pothau,2025,bois pothau
106029,Transect <6 years with 10 points: bois pothau,2025,bois pothau
106030,Transect <6 years with 10 points: bois pothau,2025,bois pothau
106031,Transect <6 years with 10 points: bois pothau,2025,bois pothau
106032,Transect <6 years with 10 points: bois pothau,2025,bois pothau
106033,Transect <6 years with 10 points: bois pothau,2025,bois pothau
106034,Transect <6 years with 10 points: bois pothau,2025,bois pothau
106035,Transect <6 years with 10 points: bois pothau,2025,bois pothau
106036,Transect <6 years with 10 points: bois pothau,2025,bois pothau
106037,Transect <6 years with 10 points: bois pothau,2025,bois pothau
106038,Transect <6 years with 10 points: bois pothau,2025,bois pothau
106039,Transect <6 years with 10 points: bois pothau,2025,bois pothau
106040,Transect <6 years with 10 points: bois pothau,2025,bois pothau
106041,Transect <6 years with 10 points: bois pothau,2025,bois pothau
106042,Transect <6 years with 10 points: bois pothau,2025,bois pothau
106043,Transect <6 years with 10 points: bois pothau,2025,bois pothau
106044,Transect <6 years with 10 points: bois pothau,2025,bois pothau
106045,Transect <6 years with 10 points: bois pothau,2025,bois pothau
